uid,app_date,app_method,app_recipient,ct_credit_product,ct_credit_product_ff,ct_guarantee,ct_guarantee_ff,ct_loan_term_flag,ct_loan_term,credit_purpose,credit_purpose_ff,amount_applied_for_flag,amount_applied_for,amount_approved,action_taken,action_taken_date,denial_reasons,denial_reasons_ff,pricing_interest_rate_type,pricing_init_rate_period,pricing_fixed_rate,pricing_adj_margin,pricing_adj_index_name,pricing_adj_index_name_ff,pricing_adj_index_value,pricing_origination_charges,pricing_broker_fees,pricing_initial_charges,pricing_mca_addcost_flag,pricing_mca_addcost,pricing_prepenalty_allowed,pricing_prepenalty_exists,census_tract_adr_type,census_tract_number,gross_annual_revenue_flag,gross_annual_revenue,naics_code_flag,naics_code,number_of_workers,time_in_business_type,time_in_business,business_ownership_status,num_principal_owners_flag,num_principal_owners,po_1_ethnicity,po_1_ethnicity_ff,po_1_race,po_1_race_anai_ff,po_1_race_asian_ff,po_1_race_baa_ff,po_1_race_pi_ff,po_1_gender_flag,po_1_gender_ff,po_2_ethnicity,po_2_ethnicity_ff,po_2_race,po_2_race_anai_ff,po_2_race_asian_ff,po_2_race_baa_ff,po_2_race_pi_ff,po_2_gender_flag,po_2_gender_ff,po_3_ethnicity,po_3_ethnicity_ff,po_3_race,po_3_race_anai_ff,po_3_race_asian_ff,po_3_race_baa_ff,po_3_race_pi_ff,po_3_gender_flag,po_3_gender_ff,po_4_ethnicity,po_4_ethnicity_ff,po_4_race,po_4_race_anai_ff,po_4_race_asian_ff,po_4_race_baa_ff,po_4_race_pi_ff,po_4_gender_flag,po_4_gender_ff
,20241201,1,1,988,,999,,999,,999,,999,,,5,20241231,999,,999,,,,999,,,,,,999,,999,999,988,,988,,988,,988,988,,988,988,,,,,,,,,,,,,,,,,,,,,,,,,,,,,,,,,,,,,
BXUIDXVID11XTC2,20241201,1,1,988,,999,,999,,999,,999,,,5,20241231,999,,999,,,,999,,,,,,999,,999,999,988,,988,,988,,988,988,,988,988,,,,,,,,,,,,,,,,,,,,,,,,,,,,,,,,,,,,,
BXUIDXVID11XTC31234567890123456789012345678901,20241201,1,1,988,,999,,999,,999,,999,,,5,20241231,999,,999,,,,999,,,,,,999,,999,999,988,,988,,988,,988,988,,988,988,,,,,,,,,,,,,,,,,,,,,,,,,,,,,,,,,,,,,
BXUIDXVID12XTC1abcdef,20241201,1,1,988,,999,,999,,999,,999,,,5,20241231,999,,999,,,,999,,,,,,999,,999,999,988,,988,,988,,988,988,,988,988,,,,,,,,,,,,,,,,,,,,,,,,,,,,,,,,,,,,,
000TESTFIUIDDONOTUSEXBXVID13XTC1,20241201,1,1,988,,999,,999,,999,,999,,,5,20241231,999,,999,,,,999,,,,,,999,,999,999,988,,988,,988,,988,988,,988,988,,,,,,,,,,,,,,,,,,,,,,,,,,,,,,,,,,,,,
000TESTFIUIDDONOTUSEXBXVID13XTC1,20241201,1,1,988,,999,,999,,999,,999,,,5,20241231,999,,999,,,,999,,,,,,999,,999,999,988,,988,,988,,988,988,,988,988,,,,,,,,,,,,,,,,,,,,,,,,,,,,,,,,,,,,,
000TESTFIUIDDONOTUSEXBXVID14XTC1,20241201,1,1,988,,999,,999,,999,,999,,,5,20241231,999,,999,,,,999,,,,,,999,,999,999,988,,988,,988,,988,988,,988,988,,,,,,,,,,,,,,,,,,,,,,,,,,,,,,,,,,,,,
000TESTFIUIDDONOTUSEXBXVID21XTC1,,1,1,988,,999,,999,,999,,999,,,5,20241231,999,,999,,,,999,,,,,,999,,999,999,988,,988,,988,,988,988,,988,988,,,,,,,,,,,,,,,,,,,,,,,,,,,,,,,,,,,,,
000TESTFIUIDDONOTUSEXBXVID21XTC2,12012024,1,1,988,,999,,999,,999,,999,,,5,20241231,999,,999,,,,999,,,,,,999,,999,999,988,,988,,988,,988,988,,988,988,,,,,,,,,,,,,,,,,,,,,,,,,,,,,,,,,,,,,
000TESTFIUIDDONOTUSEXBXVID31XTC1,20241201,,1,988,,999,,999,,999,,999,,,5,20241231,999,,999,,,,999,,,,,,999,,999,999,988,,988,,988,,988,988,,988,988,,,,,,,,,,,,,,,,,,,,,,,,,,,,,,,,,,,,,
000TESTFIUIDDONOTUSEXBXVID31XTC2,20241201,9001,1,988,,999,,999,,999,,999,,,5,20241231,999,,999,,,,999,,,,,,999,,999,999,988,,988,,988,,988,988,,988,988,,,,,,,,,,,,,,,,,,,,,,,,,,,,,,,,,,,,,
000TESTFIUIDDONOTUSEXBXVID41XTC1,20241201,1,,988,,999,,999,,999,,999,,,5,20241231,999,,999,,,,999,,,,,,999,,999,999,988,,988,,988,,988,988,,988,988,,,,,,,,,,,,,,,,,,,,,,,,,,,,,,,,,,,,,
000TESTFIUIDDONOTUSEXBXVID41XTC2,20241201,1,9001,988,,999,,999,,999,,999,,,5,20241231,999,,999,,,,999,,,,,,999,,999,999,988,,988,,988,,988,988,,988,988,,,,,,,,,,,,,,,,,,,,,,,,,,,,,,,,,,,,,
000TESTFIUIDDONOTUSEXBXVID51XTC1,20241201,1,1,,,999,,999,,999,,999,,,5,20241231,999,,999,,,,999,,,,,,999,,999,999,988,,988,,988,,988,988,,988,988,,,,,,,,,,,,,,,,,,,,,,,,,,,,,,,,,,,,,
000TESTFIUIDDONOTUSEXBXVID51XTC2,20241201,1,1,9001,,999,,999,,999,,999,,,5,20241231,999,,999,,,,999,,,,,,999,,999,999,988,,988,,988,,988,988,,988,988,,,,,,,,,,,,,,,,,,,,,,,,,,,,,,,,,,,,,
000TESTFIUIDDONOTUSEXBXVID61XTC1,20241201,1,1,977,123456789012345678901234567890123456789012345678901234567890123456789012345678901234567890123456789012345678901234567890123456789012345678901234567890123456789012345678901234567890123456789012345678901234567890123456789012345678901234567890123456789012345678901234567890123456789012345678901234567890XXX,999,,999,,999,,999,,,5,20241231,999,,999,,,,999,,,,,,999,,999,999,988,,988,,988,,988,988,,988,988,,,,,,,,,,,,,,,,,,,,,,,,,,,,,,,,,,,,,
000TESTFIUIDDONOTUSEXBXVID62XTC1,20241201,1,1,988,must be blank,999,,999,,999,,999,,,5,20241231,999,,999,,,,999,,,,,,999,,999,999,988,,988,,988,,988,988,,988,988,,,,,,,,,,,,,,,,,,,,,,,,,,,,,,,,,,,,,
000TESTFIUIDDONOTUSEXBXVID62XTC2,20241201,1,1,977,,999,,999,,999,,999,,,5,20241231,999,,999,,,,999,,,,,,999,,999,999,988,,988,,988,,988,988,,988,988,,,,,,,,,,,,,,,,,,,,,,,,,,,,,,,,,,,,,
000TESTFIUIDDONOTUSEXBXVID71XTC1,20241201,1,1,988,,9001,,999,,999,,999,,,5,20241231,999,,999,,,,999,,,,,,999,,999,999,988,,988,,988,,988,988,,988,988,,,,,,,,,,,,,,,,,,,,,,,,,,,,,,,,,,,,,
000TESTFIUIDDONOTUSEXBXVID72XTC1,20241201,1,1,988,,,,999,,999,,999,,,5,20241231,999,,999,,,,999,,,,,,999,,999,999,988,,988,,988,,988,988,,988,988,,,,,,,,,,,,,,,,,,,,,,,,,,,,,,,,,,,,,
000TESTFIUIDDONOTUSEXBXVID72XTC2,20241201,1,1,988,,1;2;3;4;5;6,,999,,999,,999,,,5,20241231,999,,999,,,,999,,,,,,999,,999,999,988,,988,,988,,988,988,,988,988,,,,,,,,,,,,,,,,,,,,,,,,,,,,,,,,,,,,,
000TESTFIUIDDONOTUSEXBXVID73XTC1,20241201,1,1,988,,999;1,,999,,999,,999,,,5,20241231,999,,999,,,,999,,,,,,999,,999,999,988,,988,,988,,988,988,,988,988,,,,,,,,,,,,,,,,,,,,,,,,,,,,,,,,,,,,,
000TESTFIUIDDONOTUSEXBXVID74XTC1,20241201,1,1,988,,1;2;2;3,,999,,999,,999,,,5,20241231,999,,999,,,,999,,,,,,999,,999,999,988,,988,,988,,988,988,,988,988,,,,,,,,,,,,,,,,,,,,,,,,,,,,,,,,,,,,,
000TESTFIUIDDONOTUSEXBXVID81XTC1,20241201,1,1,988,,977,123456789012345678901234567890123456789012345678901234567890123456789012345678901234567890123456789012345678901234567890123456789012345678901234567890123456789012345678901234567890123456789012345678901234567890123456789012345678901234567890123456789012345678901234567890123456789012345678901234567890XXX,999,,999,,999,,,5,20241231,999,,999,,,,999,,,,,,999,,999,999,988,,988,,988,,988,988,,988,988,,,,,,,,,,,,,,,,,,,,,,,,,,,,,,,,,,,,,
000TESTFIUIDDONOTUSEXBXVID82XTC1,20241201,1,1,988,,999,"should, be, blank",999,,999,,999,,,5,20241231,999,,999,,,,999,,,,,,999,,999,999,988,,988,,988,,988,988,,988,988,,,,,,,,,,,,,,,,,,,,,,,,,,,,,,,,,,,,,
000TESTFIUIDDONOTUSEXBXVID82XTC2,20241201,1,1,988,,977,,999,,999,,999,,,5,20241231,999,,999,,,,999,,,,,,999,,999,999,988,,988,,988,,988,988,,988,988,,,,,,,,,,,,,,,,,,,,,,,,,,,,,,,,,,,,,
000TESTFIUIDDONOTUSEXBXVID83XTC1,20241201,1,1,988,,1;2;3;977,entry1;entry2;entry3,999,,999,,999,,,5,20241231,999,,999,,,,999,,,,,,999,,999,999,988,,988,,988,,988,988,,988,988,,,,,,,,,,,,,,,,,,,,,,,,,,,,,,,,,,,,,
000TESTFIUIDDONOTUSEXBXVID83XTC2,20241201,1,1,988,,1;2;3;4;5;977,entry1,999,,999,,999,,,5,20241231,999,,999,,,,999,,,,,,999,,999,999,988,,988,,988,,988,988,,988,988,,,,,,,,,,,,,,,,,,,,,,,,,,,,,,,,,,,,,
000TESTFIUIDDONOTUSEXBXVID91XTC1,20241201,1,1,988,,999,,,,999,,999,,,5,20241231,999,,999,,,,999,,,,,,999,,999,999,988,,988,,988,,988,988,,988,988,,,,,,,,,,,,,,,,,,,,,,,,,,,,,,,,,,,,,
000TESTFIUIDDONOTUSEXBXVID91XTC2,20241201,1,1,988,,999,,9001,,999,,999,,,5,20241231,999,,999,,,,999,,,,,,999,,999,999,988,,988,,988,,988,988,,988,988,,,,,,,,,,,,,,,,,,,,,,,,,,,,,,,,,,,,,
000TESTFIUIDDONOTUSEXBXVID92XTC1,20241201,1,1,1,,999,,999,,999,,999,,,5,20241231,999,,999,,,,999,,,,,,999,,999,999,988,,988,,988,,988,988,,988,988,,,,,,,,,,,,,,,,,,,,,,,,,,,,,,,,,,,,,
000TESTFIUIDDONOTUSEXBXVID92XTC2,20241201,1,1,2,,999,,999,,999,,999,,,5,20241231,999,,999,,,,999,,,,,,999,,999,999,988,,988,,988,,988,988,,988,988,,,,,,,,,,,,,,,,,,,,,,,,,,,,,,,,,,,,,
000TESTFIUIDDONOTUSEXBXVID92XTC3,20241201,1,1,988,,999,,1,,999,,999,,,5,20241231,999,,999,,,,999,,,,,,999,,999,999,988,,988,,988,,988,988,,988,988,,,,,,,,,,,,,,,,,,,,,,,,,,,,,,,,,,,,,
000TESTFIUIDDONOTUSEXBXVID101XTC1,20241201,1,1,988,,999,,900,1.78,999,,999,,,5,20241231,999,,999,,,,999,,,,,,999,,999,999,988,,988,,988,,988,988,,988,988,,,,,,,,,,,,,,,,,,,,,,,,,,,,,,,,,,,,,
000TESTFIUIDDONOTUSEXBXVID102XTC1,20241201,1,1,988,,999,,900,0,999,,999,,,5,20241231,999,,999,,,,999,,,,,,999,,999,999,988,,988,,988,,988,988,,988,988,,,,,,,,,,,,,,,,,,,,,,,,,,,,,,,,,,,,,
000TESTFIUIDDONOTUSEXBXVID103XTC1,20241201,1,1,988,,999,,999,must be blank,999,,999,,,5,20241231,999,,999,,,,999,,,,,,999,,999,999,988,,988,,988,,988,988,,988,988,,,,,,,,,,,,,,,,,,,,,,,,,,,,,,,,,,,,,
000TESTFIUIDDONOTUSEXBXVID103XTC2,20241201,1,1,988,,999,,900,,999,,999,,,5,20241231,999,,999,,,,999,,,,,,999,,999,999,988,,988,,988,,988,988,,988,988,,,,,,,,,,,,,,,,,,,,,,,,,,,,,,,,,,,,,
000TESTFIUIDDONOTUSEXBXVID104XTC1,20241201,1,1,988,,999,,900,1201,999,,999,,,5,20241231,999,,999,,,,999,,,,,,999,,999,999,988,,988,,988,,988,988,,988,988,,,,,,,,,,,,,,,,,,,,,,,,,,,,,,,,,,,,,
000TESTFIUIDDONOTUSEXBXVID111XTC1,20241201,1,1,988,,999,,999,,1;2;9001,,999,,,5,20241231,999,,999,,,,999,,,,,,999,,999,999,988,,988,,988,,988,988,,988,988,,,,,,,,,,,,,,,,,,,,,,,,,,,,,,,,,,,,,
000TESTFIUIDDONOTUSEXBXVID112XTC1,20241201,1,1,988,,999,,999,,,,999,,,5,20241231,999,,999,,,,999,,,,,,999,,999,999,988,,988,,988,,988,988,,988,988,,,,,,,,,,,,,,,,,,,,,,,,,,,,,,,,,,,,,
000TESTFIUIDDONOTUSEXBXVID112XTC2,20241201,1,1,988,,999,,999,,1;2;3;4,,999,,,5,20241231,999,,999,,,,999,,,,,,999,,999,999,988,,988,,988,,988,988,,988,988,,,,,,,,,,,,,,,,,,,,,,,,,,,,,,,,,,,,,
000TESTFIUIDDONOTUSEXBXVID113XTC1,20241201,1,1,988,,999,,999,,2;3;988,,999,,,5,20241231,999,,999,,,,999,,,,,,999,,999,999,988,,988,,988,,988,988,,988,988,,,,,,,,,,,,,,,,,,,,,,,,,,,,,,,,,,,,,
000TESTFIUIDDONOTUSEXBXVID113XTC2,20241201,1,1,988,,999,,999,,2;3;999,,999,,,5,20241231,999,,999,,,,999,,,,,,999,,999,999,988,,988,,988,,988,988,,988,988,,,,,,,,,,,,,,,,,,,,,,,,,,,,,,,,,,,,,
000TESTFIUIDDONOTUSEXBXVID114XTC1,20241201,1,1,988,,999,,999,,1;2;2;4,,999,,,5,20241231,999,,999,,,,999,,,,,,999,,999,999,988,,988,,988,,988,988,,988,988,,,,,,,,,,,,,,,,,,,,,,,,,,,,,,,,,,,,,
000TESTFIUIDDONOTUSEXBXVID121XTC1,20241201,1,1,988,,999,,999,,977,123456789012345678901234567890123456789012345678901234567890123456789012345678901234567890123456789012345678901234567890123456789012345678901234567890123456789012345678901234567890123456789012345678901234567890123456789012345678901234567890123456789012345678901234567890123456789012345678901234567890XXX,999,,,5,20241231,999,,999,,,,999,,,,,,999,,999,999,988,,988,,988,,988,988,,988,988,,,,,,,,,,,,,,,,,,,,,,,,,,,,,,,,,,,,,
000TESTFIUIDDONOTUSEXBXVID122XTC1,20241201,1,1,988,,999,,999,,999,must be blank,999,,,5,20241231,999,,999,,,,999,,,,,,999,,999,999,988,,988,,988,,988,988,,988,988,,,,,,,,,,,,,,,,,,,,,,,,,,,,,,,,,,,,,
000TESTFIUIDDONOTUSEXBXVID122XTC2,20241201,1,1,988,,999,,999,,977,,999,,,5,20241231,999,,999,,,,999,,,,,,999,,999,999,988,,988,,988,,988,988,,988,988,,,,,,,,,,,,,,,,,,,,,,,,,,,,,,,,,,,,,
000TESTFIUIDDONOTUSEXGXVID123XTC1,20241201,1,1,988,,999,,999,,1;977,entry1;entry2;entry3,999,,,5,20241231,999,,999,,,,999,,,,,,999,,999,999,988,,988,,988,,988,988,,988,988,,,,,,,,,,,,,,,,,,,,,,,,,,,,,,,,,,,,,
000TESTFIUIDDONOTUSEXGXVID123XTC2,20241201,1,1,988,,999,,999,,1;2;3;977,entry1,999,,,5,20241231,999,,999,,,,999,,,,,,999,,999,999,988,,988,,988,,988,988,,988,988,,,,,,,,,,,,,,,,,,,,,,,,,,,,,,,,,,,,,
000TESTFIUIDDONOTUSEXBXVID131XTC1,20241201,1,1,988,,999,,999,,999,,,,,5,20241231,999,,999,,,,999,,,,,,999,,999,999,988,,988,,988,,988,988,,988,988,,,,,,,,,,,,,,,,,,,,,,,,,,,,,,,,,,,,,
000TESTFIUIDDONOTUSEXBXVID131XTC2,20241201,1,1,988,,999,,999,,999,,9001,,,5,20241231,999,,999,,,,999,,,,,,999,,999,999,988,,988,,988,,988,988,,988,988,,,,,,,,,,,,,,,,,,,,,,,,,,,,,,,,,,,,,
000TESTFIUIDDONOTUSEXBXVID141XTC1,20241201,1,1,988,,999,,999,,999,,900,nonNumericValue,,5,20241231,999,,999,,,,999,,,,,,999,,999,999,988,,988,,988,,988,988,,988,988,,,,,,,,,,,,,,,,,,,,,,,,,,,,,,,,,,,,,
000TESTFIUIDDONOTUSEXBXVID142XTC1,20241201,1,1,988,,999,,999,,999,,900,0,,5,20241231,999,,999,,,,999,,,,,,999,,999,999,988,,988,,988,,988,988,,988,988,,,,,,,,,,,,,,,,,,,,,,,,,,,,,,,,,,,,,
000TESTFIUIDDONOTUSEXBXVID143XTC1,20241201,1,1,988,,999,,999,,999,,900,,,5,20241231,999,,999,,,,999,,,,,,999,,999,999,988,,988,,988,,988,988,,988,988,,,,,,,,,,,,,,,,,,,,,,,,,,,,,,,,,,,,,
000TESTFIUIDDONOTUSEXBXVID143XTC2,20241201,1,1,988,,999,,999,,999,,988,must be blank,,5,20241231,999,,999,,,,999,,,,,,999,,999,999,988,,988,,988,,988,988,,988,988,,,,,,,,,,,,,,,,,,,,,,,,,,,,,,,,,,,,,
000TESTFIUIDDONOTUSEXBXVID151XTC1,20241201,1,1,988,,999,,999,,999,,999,,nonNumericValue,1,20241231,999,,999,,,,999,,,,,,999,,999,999,988,,988,,988,,988,988,,988,988,,,,,,,,,,,,,,,,,,,,,,,,,,,,,,,,,,,,,
000TESTFIUIDDONOTUSEXBXVID152XTC1,20241201,1,1,988,,999,,999,,999,,999,,0,1,20241231,999,,999,,,,999,,,,,,999,,999,999,988,,988,,988,,988,988,,988,988,,,,,,,,,,,,,,,,,,,,,,,,,,,,,,,,,,,,,
000TESTFIUIDDONOTUSEXBXVID153XTC1,20241201,1,1,988,,999,,999,,999,,999,,9559555,5,20241231,999,,999,,,,999,,,,,,999,,999,999,988,,988,,988,,988,988,,988,988,,,,,,,,,,,,,,,,,,,,,,,,,,,,,,,,,,,,,
000TESTFIUIDDONOTUSEXBXVID153XTC2,20241201,1,1,988,,999,,999,,999,,999,,44444,4,20241231,999,,999,,,,999,,,,,,999,,999,999,988,,988,,988,,988,988,,988,988,,,,,,,,,,,,,,,,,,,,,,,,,,,,,,,,,,,,,
000TESTFIUIDDONOTUSEXBXVID153XTC3,20241201,1,1,988,,999,,999,,999,,999,,33333,3,20241231,999,,999,,,,999,,,,,,999,,999,999,988,,988,,988,,988,988,,988,988,,,,,,,,,,,,,,,,,,,,,,,,,,,,,,,,,,,,,
000TESTFIUIDDONOTUSEXBXVID153XTC4,20241201,1,1,988,,999,,999,,999,,999,,,2,20241231,999,,999,,,,999,,,,,,999,,999,999,988,,988,,988,,988,988,,988,988,,,,,,,,,,,,,,,,,,,,,,,,,,,,,,,,,,,,,
000TESTFIUIDDONOTUSEXBXVID153XTC5,20241201,1,1,988,,999,,999,,999,,999,,,1,20241231,999,,999,,,,999,,,,,,999,,999,999,988,,988,,988,,988,988,,988,988,,,,,,,,,,,,,,,,,,,,,,,,,,,,,,,,,,,,,
000TESTFIUIDDONOTUSEXBXVID161XTC1,20241201,1,1,988,,999,,999,,999,,999,,,,20241231,999,,999,,,,999,,,,,,999,,999,999,988,,988,,988,,988,988,,988,988,,,,,,,,,,,,,,,,,,,,,,,,,,,,,,,,,,,,,
000TESTFIUIDDONOTUSEXBXVID161XTC2,20241201,1,1,988,,999,,999,,999,,999,,,9001,20241231,999,,999,,,,999,,,,,,999,,999,999,988,,988,,988,,988,988,,988,988,,,,,,,,,,,,,,,,,,,,,,,,,,,,,,,,,,,,,
000TESTFIUIDDONOTUSEXBXVID171XTC1,20241201,1,1,988,,999,,999,,999,,999,,,5,12312024,999,,999,,,,999,,,,,,999,,999,999,988,,988,,988,,988,988,,988,988,,,,,,,,,,,,,,,,,,,,,,,,,,,,,,,,,,,,,
000TESTFIUIDDONOTUSEXBXVID172XTC1,20241201,1,1,988,,999,,999,,999,,999,,,5,20240630,999,,999,,,,999,,,,,,999,,999,999,988,,988,,988,,988,988,,988,988,,,,,,,,,,,,,,,,,,,,,,,,,,,,,,,,,,,,,
000TESTFIUIDDONOTUSEXBXVID172XTC2,20241201,1,1,988,,999,,999,,999,,999,,,5,20250101,999,,999,,,,999,,,,,,999,,999,999,988,,988,,988,,988,988,,988,988,,,,,,,,,,,,,,,,,,,,,,,,,,,,,,,,,,,,,
000TESTFIUIDDONOTUSEXBXVID173XTC1,20241201,1,1,988,,999,,999,,999,,999,,,5,20241130,999,,999,,,,999,,,,,,999,,999,999,988,,988,,988,,988,988,,988,988,,,,,,,,,,,,,,,,,,,,,,,,,,,,,,,,,,,,,
000TESTFIUIDDONOTUSEXBXVID174XTC1,20241201,1,1,988,,999,,999,,999,,999,,,5,20261202,999,,999,,,,999,,,,,,999,,999,999,988,,988,,988,,988,988,,988,988,,,,,,,,,,,,,,,,,,,,,,,,,,,,,,,,,,,,,
000TESTFIUIDDONOTUSEXBXVID181XTC1,20241201,1,1,988,,999,,999,,999,,999,,,3,20241231,9001,,999,,,,999,,,,,,999,,999,999,988,,988,,988,,988,988,,988,988,,,,,,,,,,,,,,,,,,,,,,,,,,,,,,,,,,,,,
000TESTFIUIDDONOTUSEXBXVID182XTC1,20241201,1,1,988,,999,,999,,999,,999,,,3,20241231,,,999,,,,999,,,,,,999,,999,999,988,,988,,988,,988,988,,988,988,,,,,,,,,,,,,,,,,,,,,,,,,,,,,,,,,,,,,
000TESTFIUIDDONOTUSEXBXVID182XTC2,20241201,1,1,988,,999,,999,,999,,999,,,3,20241231,1;2;3;4;5,,999,,,,999,,,,,,999,,999,999,988,,988,,988,,988,988,,988,988,,,,,,,,,,,,,,,,,,,,,,,,,,,,,,,,,,,,,
000TESTFIUIDDONOTUSEXBXVID183XTC1,20241201,1,1,988,,999,,999,,999,,999,,,5,20241231,1,,999,,,,999,,,,,,999,,999,999,988,,988,,988,,988,988,,988,988,,,,,,,,,,,,,,,,,,,,,,,,,,,,,,,,,,,,,
000TESTFIUIDDONOTUSEXBXVID183XTC2,20241201,1,1,988,,999,,999,,999,,999,,,4,20241231,1,,999,,,,999,,,,,,999,,999,999,988,,988,,988,,988,988,,988,988,,,,,,,,,,,,,,,,,,,,,,,,,,,,,,,,,,,,,
000TESTFIUIDDONOTUSEXBXVID183XTC3,20241201,1,1,988,,999,,999,,999,,999,,,2,20241231,1,,999,,,,999,,,,,,999,,999,999,988,,988,,988,,988,988,,988,988,,,,,,,,,,,,,,,,,,,,,,,,,,,,,,,,,,,,,
000TESTFIUIDDONOTUSEXBXVID183XTC4,20241201,1,1,988,,999,,999,,999,,999,,,1,20241231,1,,999,,,,999,,,,,,999,,999,999,988,,988,,988,,988,988,,988,988,,,,,,,,,,,,,,,,,,,,,,,,,,,,,,,,,,,,,
000TESTFIUIDDONOTUSEXBXVID183XTC5,20241201,1,1,988,,999,,999,,999,,999,,,3,20241231,999,,999,,,,999,,,,,,999,,999,999,988,,988,,988,,988,988,,988,988,,,,,,,,,,,,,,,,,,,,,,,,,,,,,,,,,,,,,
000TESTFIUIDDONOTUSEXBXVID184XTC1,20241201,1,1,988,,999,,999,,999,,999,,,3,20241231,999;1; 2,,999,,,,999,,,,,,999,,999,999,988,,988,,988,,988,988,,988,988,,,,,,,,,,,,,,,,,,,,,,,,,,,,,,,,,,,,,
000TESTFIUIDDONOTUSEXBXVID185XTC1,20241201,1,1,988,,999,,999,,999,,999,,,3,20241231,1;2;2;3,,999,,,,999,,,,,,999,,999,999,988,,988,,988,,988,988,,988,988,,,,,,,,,,,,,,,,,,,,,,,,,,,,,,,,,,,,,
000TESTFIUIDDONOTUSEXBXVID191XTC1,20241201,1,1,988,,999,,999,,999,,999,,,3,20241231,977,123456789012345678901234567890123456789012345678901234567890123456789012345678901234567890123456789012345678901234567890123456789012345678901234567890123456789012345678901234567890123456789012345678901234567890123456789012345678901234567890123456789012345678901234567890123456789012345678901234567890XXX,999,,,,999,,,,,,999,,999,999,988,,988,,988,,988,988,,988,988,,,,,,,,,,,,,,,,,,,,,,,,,,,,,,,,,,,,,
000TESTFIUIDDONOTUSEXBXVID192XTC1,20241201,1,1,988,,999,,999,,999,,999,,,3,20241231,1,"should, be, blank",999,,,,999,,,,,,999,,999,999,988,,988,,988,,988,988,,988,988,,,,,,,,,,,,,,,,,,,,,,,,,,,,,,,,,,,,,
000TESTFIUIDDONOTUSEXBXVID192XTC2,20241201,1,1,988,,999,,999,,999,,999,,,3,20241231,977,,999,,,,999,,,,,,999,,999,999,988,,988,,988,,988,988,,988,988,,,,,,,,,,,,,,,,,,,,,,,,,,,,,,,,,,,,,
000TESTFIUIDDONOTUSEXBXVID193XTC1,20241201,1,1,988,,999,,999,,999,,999,,,3,20241231,1;2;977,entry1;entry2;entry3,999,,,,999,,,,,,999,,999,999,988,,988,,988,,988,988,,988,988,,,,,,,,,,,,,,,,,,,,,,,,,,,,,,,,,,,,,
000TESTFIUIDDONOTUSEXBXVID193XTC2,20241201,1,1,988,,999,,999,,999,,999,,,3,20241231,1;2;3;4;977,entry1,999,,,,999,,,,,,999,,999,999,988,,988,,988,,988,988,,988,988,,,,,,,,,,,,,,,,,,,,,,,,,,,,,,,,,,,,,
000TESTFIUIDDONOTUSEXBXVID201XTC1,20241201,1,1,988,,999,,999,,999,,999,,,1,20241231,999,,,,,,999,,,,,,999,,999,999,988,,988,,988,,988,988,,988,988,,,,,,,,,,,,,,,,,,,,,,,,,,,,,,,,,,,,,
000TESTFIUIDDONOTUSEXBXVID201XTC2,20241201,1,1,988,,999,,999,,999,,999,,,1,20241231,999,,9001,,,,999,,,,,,999,,999,999,988,,988,,988,,988,988,,988,988,,,,,,,,,,,,,,,,,,,,,,,,,,,,,,,,,,,,,
000TESTFIUIDDONOTUSEXBXVID202XTC1,20241201,1,1,988,,999,,999,,999,,999,,,3,20241231,999,,900,,,,999,,,,,,999,,999,999,988,,988,,988,,988,988,,988,988,,,,,,,,,,,,,,,,,,,,,,,,,,,,,,,,,,,,,
000TESTFIUIDDONOTUSEXBXVID202XTC2,20241201,1,1,988,,999,,999,,999,,999,,,3,20241231,999,,999,,,,999,,,,,,999,,999,999,988,,988,,988,,988,988,,988,988,,,,,,,,,,,,,,,,,,,,,,,,,,,,,,,,,,,,,
000TESTFIUIDDONOTUSEXBXVID202XTC3,20241201,1,1,988,,999,,999,,999,,999,,,3,20241231,999,,999,,,,999,,,,,,999,,999,999,988,,988,,988,,988,988,,988,988,,,,,,,,,,,,,,,,,,,,,,,,,,,,,,,,,,,,,
000TESTFIUIDDONOTUSEXBXVID202XTC4,20241201,1,1,988,,999,,999,,999,,999,,,3,20241231,999,,999,,,,999,,,,,,999,,999,999,988,,988,,988,,988,988,,988,988,,,,,,,,,,,,,,,,,,,,,,,,,,,,,,,,,,,,,
000TESTFIUIDDONOTUSEXBXVID202XTC5,20241201,1,1,988,,999,,999,,999,,999,,,3,20241231,999,,999,,,,999,,,0,,,999,,999,999,988,,988,,988,,988,988,,988,988,,,,,,,,,,,,,,,,,,,,,,,,,,,,,,,,,,,,,
000TESTFIUIDDONOTUSEXBXVID202XTC6,20241201,1,1,988,,999,,999,,999,,999,,,3,20241231,999,,999,,,,999,,,,0,,999,,999,999,988,,988,,988,,988,988,,988,988,,,,,,,,,,,,,,,,,,,,,,,,,,,,,,,,,,,,,
000TESTFIUIDDONOTUSEXBXVID202XTC7,20241201,1,1,988,,999,,999,,999,,999,,,3,20241231,999,,999,,,,999,,,,,0,999,,999,999,988,,988,,988,,988,988,,988,988,,,,,,,,,,,,,,,,,,,,,,,,,,,,,,,,,,,,,
000TESTFIUIDDONOTUSEXBXVID202XTC8,20241201,1,1,988,,999,,999,,999,,999,,,4,20241231,999,,900,,,,999,,,,,,999,,999,999,988,,988,,988,,988,988,,988,988,,,,,,,,,,,,,,,,,,,,,,,,,,,,,,,,,,,,,
000TESTFIUIDDONOTUSEXBXVID202XTC9,20241201,1,1,988,,999,,999,,999,,999,,,4,20241231,999,,999,,,,999,,,,,,999,,999,999,988,,988,,988,,988,988,,988,988,,,,,,,,,,,,,,,,,,,,,,,,,,,,,,,,,,,,,
000TESTFIUIDDONOTUSEXBXVID202XTC10,20241201,1,1,988,,999,,999,,999,,999,,,4,20241231,999,,999,,,,999,,,,,,999,,999,999,988,,988,,988,,988,988,,988,988,,,,,,,,,,,,,,,,,,,,,,,,,,,,,,,,,,,,,
000TESTFIUIDDONOTUSEXBXVID202XTC11,20241201,1,1,988,,999,,999,,999,,999,,,4,20241231,999,,999,,,,999,,,,,,999,,999,999,988,,988,,988,,988,988,,988,988,,,,,,,,,,,,,,,,,,,,,,,,,,,,,,,,,,,,,
000TESTFIUIDDONOTUSEXBXVID202XTC12,20241201,1,1,988,,999,,999,,999,,999,,,4,20241231,999,,999,,,,999,,,0,,,999,,999,999,988,,988,,988,,988,988,,988,988,,,,,,,,,,,,,,,,,,,,,,,,,,,,,,,,,,,,,
000TESTFIUIDDONOTUSEXBXVID202XTC13,20241201,1,1,988,,999,,999,,999,,999,,,4,20241231,999,,999,,,,999,,,,0,,999,,999,999,988,,988,,988,,988,988,,988,988,,,,,,,,,,,,,,,,,,,,,,,,,,,,,,,,,,,,,
000TESTFIUIDDONOTUSEXBXVID202XTC14,20241201,1,1,988,,999,,999,,999,,999,,,4,20241231,999,,999,,,,999,,,,,0,999,,999,999,988,,988,,988,,988,988,,988,988,,,,,,,,,,,,,,,,,,,,,,,,,,,,,,,,,,,,,
000TESTFIUIDDONOTUSEXBXVID202XTC15,20241201,1,1,988,,999,,999,,999,,999,,,5,20241231,999,,900,,,,999,,,,,,999,,999,999,988,,988,,988,,988,988,,988,988,,,,,,,,,,,,,,,,,,,,,,,,,,,,,,,,,,,,,
000TESTFIUIDDONOTUSEXBXVID202XTC16,20241201,1,1,988,,999,,999,,999,,999,,,5,20241231,999,,999,,,,999,,,,,,999,,999,999,988,,988,,988,,988,988,,988,988,,,,,,,,,,,,,,,,,,,,,,,,,,,,,,,,,,,,,
000TESTFIUIDDONOTUSEXBXVID202XTC17,20241201,1,1,988,,999,,999,,999,,999,,,5,20241231,999,,999,,,,999,,,,,,999,,999,999,988,,988,,988,,988,988,,988,988,,,,,,,,,,,,,,,,,,,,,,,,,,,,,,,,,,,,,
000TESTFIUIDDONOTUSEXBXVID202XTC18,20241201,1,1,988,,999,,999,,999,,999,,,5,20241231,999,,999,,,,999,,,,,,999,,999,999,988,,988,,988,,988,988,,988,988,,,,,,,,,,,,,,,,,,,,,,,,,,,,,,,,,,,,,
000TESTFIUIDDONOTUSEXBXVID202XTC19,20241201,1,1,988,,999,,999,,999,,999,,,5,20241231,999,,999,,,,999,,,0,,,999,,999,999,988,,988,,988,,988,988,,988,988,,,,,,,,,,,,,,,,,,,,,,,,,,,,,,,,,,,,,
000TESTFIUIDDONOTUSEXBXVID202XTC20,20241201,1,1,988,,999,,999,,999,,999,,,5,20241231,999,,999,,,,999,,,,0,,999,,999,999,988,,988,,988,,988,988,,988,988,,,,,,,,,,,,,,,,,,,,,,,,,,,,,,,,,,,,,
000TESTFIUIDDONOTUSEXBXVID202XTC21,20241201,1,1,988,,999,,999,,999,,999,,,5,20241231,999,,999,,,,999,,,,,0,999,,999,999,988,,988,,988,,988,988,,988,988,,,,,,,,,,,,,,,,,,,,,,,,,,,,,,,,,,,,,
000TESTFIUIDDONOTUSEXBXVID203XTC1,20241201,1,1,988,,999,,999,,999,,999,,,1,20241231,999,,999,,,,999,,,,,,999,,999,1,988,,988,,988,,988,988,,988,988,,,,,,,,,,,,,,,,,,,,,,,,,,,,,,,,,,,,,
000TESTFIUIDDONOTUSEXBXVID203XTC2,20241201,1,1,988,,999,,999,,999,,999,,,1,20241231,999,,999,,,,999,,,,,,999,,1,999,988,,988,,988,,988,988,,988,988,,,,,,,,,,,,,,,,,,,,,,,,,,,,,,,,,,,,,
000TESTFIUIDDONOTUSEXBXVID203XTC3,20241201,1,1,988,,999,,999,,999,,999,,,1,20241231,999,,999,,,,999,,,,0,0,999,,1,1,988,,988,,988,,988,988,,988,988,,,,,,,,,,,,,,,,,,,,,,,,,,,,,,,,,,,,,
000TESTFIUIDDONOTUSEXBXVID203XTC4,20241201,1,1,988,,999,,999,,999,,999,,,1,20241231,999,,999,,,,999,,,0,,0,999,,1,1,988,,988,,988,,988,988,,988,988,,,,,,,,,,,,,,,,,,,,,,,,,,,,,,,,,,,,,
000TESTFIUIDDONOTUSEXBXVID203XTC5,20241201,1,1,988,,999,,999,,999,,999,,,1,20241231,999,,999,,,,999,,,0,0,,999,,1,1,988,,988,,988,,988,988,,988,988,,,,,,,,,,,,,,,,,,,,,,,,,,,,,,,,,,,,,
000TESTFIUIDDONOTUSEXBXVID203XTC6,20241201,1,1,988,,999,,999,,999,,999,,,2,20241231,999,,999,,,,999,,,,,,999,,999,1,988,,988,,988,,988,988,,988,988,,,,,,,,,,,,,,,,,,,,,,,,,,,,,,,,,,,,,
000TESTFIUIDDONOTUSEXBXVID203XTC7,20241201,1,1,988,,999,,999,,999,,999,,,2,20241231,999,,999,,,,999,,,,,,999,,1,999,988,,988,,988,,988,988,,988,988,,,,,,,,,,,,,,,,,,,,,,,,,,,,,,,,,,,,,
000TESTFIUIDDONOTUSEXBXVID203XTC8,20241201,1,1,988,,999,,999,,999,,999,,,2,20241231,999,,999,,,,999,,,,0,0,999,,1,1,988,,988,,988,,988,988,,988,988,,,,,,,,,,,,,,,,,,,,,,,,,,,,,,,,,,,,,
000TESTFIUIDDONOTUSEXBXVID203XTC9,20241201,1,1,988,,999,,999,,999,,999,,,2,20241231,999,,999,,,,999,,,0,,0,999,,1,1,988,,988,,988,,988,988,,988,988,,,,,,,,,,,,,,,,,,,,,,,,,,,,,,,,,,,,,
000TESTFIUIDDONOTUSEXBXVID203XTC10,20241201,1,1,988,,999,,999,,999,,999,,,2,20241231,999,,999,,,,999,,,0,0,,999,,1,1,988,,988,,988,,988,988,,988,988,,,,,,,,,,,,,,,,,,,,,,,,,,,,,,,,,,,,,
000TESTFIUIDDONOTUSEXGXVID211XTC1,20241201,1,1,988,,999,,999,,999,,999,,,1,20241231,999,,3,nonNumericValue,,,999,,2,,,,999,,999,999,988,,988,,988,,988,988,,988,988,,,,,,,,,,,,,,,,,,,,,,,,,,,,,,,,,,,,,
000TESTFIUIDDONOTUSEXGXVID212XTC1,20241201,1,1,988,,999,,999,,999,,999,,,1,20241231,999,,3,0,,,999,,2,,,,999,,999,999,988,,988,,988,,988,988,,988,988,,,,,,,,,,,,,,,,,,,,,,,,,,,,,,,,,,,,,
000TESTFIUIDDONOTUSEXGXVID213XTC1,20241201,1,1,988,,999,,999,,999,,999,,,1,20241231,999,,1,1,,,999,,2,,,,999,,999,999,988,,988,,988,,988,988,,988,988,,,,,,,,,,,,,,,,,,,,,,,,,,,,,,,,,,,,,
000TESTFIUIDDONOTUSEXGXVID213XTC2,20241201,1,1,988,,999,,999,,999,,999,,,1,20241231,999,,2,1,,,999,,,,,,999,,999,999,988,,988,,988,,988,988,,988,988,,,,,,,,,,,,,,,,,,,,,,,,,,,,,,,,,,,,,
000TESTFIUIDDONOTUSEXGXVID213XTC3,20241201,1,1,988,,999,,999,,999,,999,,,3,20241231,999,,999,1,,,999,,,,,,999,,999,999,988,,988,,988,,988,988,,988,988,,,,,,,,,,,,,,,,,,,,,,,,,,,,,,,,,,,,,
000TESTFIUIDDONOTUSEXGXVID213XTC4,20241201,1,1,988,,999,,999,,999,,999,,,1,20241231,999,,3,,,,999,,2,,,,999,,999,999,988,,988,,988,,988,988,,988,988,,,,,,,,,,,,,,,,,,,,,,,,,,,,,,,,,,,,,
000TESTFIUIDDONOTUSEXGXVID213XTC5,20241201,1,1,988,,999,,999,,999,,999,,,1,20241231,999,,4,,,,999,,,,,,999,,999,999,988,,988,,988,,988,988,,988,988,,,,,,,,,,,,,,,,,,,,,,,,,,,,,,,,,,,,,
000TESTFIUIDDONOTUSEXGXVID213XTC6,20241201,1,1,988,,999,,999,,999,,999,,,1,20241231,999,,5,,,,999,,,,,,999,,999,999,988,,988,,988,,988,988,,988,988,,,,,,,,,,,,,,,,,,,,,,,,,,,,,,,,,,,,,
000TESTFIUIDDONOTUSEXGXVID213XTC7,20241201,1,1,988,,999,,999,,999,,999,,,1,20241231,999,,6,,,,999,,,,,,999,,999,999,988,,988,,988,,988,988,,988,988,,,,,,,,,,,,,,,,,,,,,,,,,,,,,,,,,,,,,
000TESTFIUIDDONOTUSEXGXVID221XTC1,20241201,1,1,988,,999,,999,,999,,999,,,1,20241231,999,,2,,nonNumericValue,,999,,,,,,999,,999,999,988,,988,,988,,988,988,,988,988,,,,,,,,,,,,,,,,,,,,,,,,,,,,,,,,,,,,,
000TESTFIUIDDONOTUSEXGXVID222XTC1,20241201,1,1,988,,999,,999,,999,,999,,,1,20241231,999,,1,,1,,999,,2,,,,999,,999,999,988,,988,,988,,988,988,,988,988,,,,,,,,,,,,,,,,,,,,,,,,,,,,,,,,,,,,,
000TESTFIUIDDONOTUSEXGXVID222XTC2,20241201,1,1,988,,999,,999,,999,,999,,,1,20241231,999,,3,,1,,999,,2,,,,999,,999,999,988,,988,,988,,988,988,,988,988,,,,,,,,,,,,,,,,,,,,,,,,,,,,,,,,,,,,,
000TESTFIUIDDONOTUSEXGXVID222XTC3,20241201,1,1,988,,999,,999,,999,,999,,,1,20241231,999,,5,,1,,999,,,,,,999,,999,999,988,,988,,988,,988,988,,988,988,,,,,,,,,,,,,,,,,,,,,,,,,,,,,,,,,,,,,
000TESTFIUIDDONOTUSEXGXVID222XTC4,20241201,1,1,988,,999,,999,,999,,999,,,3,20241231,999,,999,,1,,999,,,,,,999,,999,999,988,,988,,988,,988,988,,988,988,,,,,,,,,,,,,,,,,,,,,,,,,,,,,,,,,,,,,
000TESTFIUIDDONOTUSEXGXVID222XTC5,20241201,1,1,988,,999,,999,,999,,999,,,1,20241231,999,,2,,,,999,,,,,,999,,999,999,988,,988,,988,,988,988,,988,988,,,,,,,,,,,,,,,,,,,,,,,,,,,,,,,,,,,,,
000TESTFIUIDDONOTUSEXGXVID222XTC6,20241201,1,1,988,,999,,999,,999,,999,,,1,20241231,999,,4,,,,999,,,,,,999,,999,999,988,,988,,988,,988,988,,988,988,,,,,,,,,,,,,,,,,,,,,,,,,,,,,,,,,,,,,
000TESTFIUIDDONOTUSEXGXVID222XTC7,20241201,1,1,988,,999,,999,,999,,999,,,1,20241231,999,,6,,,,999,,,,,,999,,999,999,988,,988,,988,,988,988,,988,988,,,,,,,,,,,,,,,,,,,,,,,,,,,,,,,,,,,,,
000TESTFIUIDDONOTUSEXGXVID223XTC1,20241201,1,1,988,,999,,999,,999,,999,,,1,20241231,999,,2,,0.1,,999,,,,,,999,,999,999,988,,988,,988,,988,988,,988,988,,,,,,,,,,,,,,,,,,,,,,,,,,,,,,,,,,,,,
000TESTFIUIDDONOTUSEXBXVID231XTC1,20241201,1,1,988,,999,,999,,999,,999,,,1,20241231,999,,1,,,,999,,2,,,,999,,999,999,988,,988,,988,,988,988,,988,988,,,,,,,,,,,,,,,,,,,,,,,,,,,,,,,,,,,,,
000TESTFIUIDDONOTUSEXBXVID232XTC1,20241201,1,1,988,,999,,999,,999,,999,,,1,20241231,999,,2,,,1,999,,,,,,999,,999,999,988,,988,,988,,988,988,,988,988,,,,,,,,,,,,,,,,,,,,,,,,,,,,,,,,,,,,,
000TESTFIUIDDONOTUSEXBXVID232XTC2,20241201,1,1,988,,999,,999,,999,,999,,,1,20241231,999,,4,,,1,999,,,,,,999,,999,999,988,,988,,988,,988,988,,988,988,,,,,,,,,,,,,,,,,,,,,,,,,,,,,,,,,,,,,
000TESTFIUIDDONOTUSEXBXVID232XTC3,20241201,1,1,988,,999,,999,,999,,999,,,1,20241231,999,,6,,,1,999,,,,,,999,,999,999,988,,988,,988,,988,988,,988,988,,,,,,,,,,,,,,,,,,,,,,,,,,,,,,,,,,,,,
000TESTFIUIDDONOTUSEXBXVID232XTC4,20241201,1,1,988,,999,,999,,999,,999,,,3,20241231,999,,999,,,1,999,,,,,,999,,999,999,988,,988,,988,,988,988,,988,988,,,,,,,,,,,,,,,,,,,,,,,,,,,,,,,,,,,,,
000TESTFIUIDDONOTUSEXBXVID232XTC5,20241201,1,1,988,,999,,999,,999,,999,,,1,20241231,999,,1,,,,999,,2,,,,999,,999,999,988,,988,,988,,988,988,,988,988,,,,,,,,,,,,,,,,,,,,,,,,,,,,,,,,,,,,,
000TESTFIUIDDONOTUSEXBXVID232XTC6,20241201,1,1,988,,999,,999,,999,,999,,,1,20241231,999,,3,,,,999,,2,,,,999,,999,999,988,,988,,988,,988,988,,988,988,,,,,,,,,,,,,,,,,,,,,,,,,,,,,,,,,,,,,
000TESTFIUIDDONOTUSEXBXVID232XTC7,20241201,1,1,988,,999,,999,,999,,999,,,1,20241231,999,,5,,,,999,,,,,,999,,999,999,988,,988,,988,,988,988,,988,988,,,,,,,,,,,,,,,,,,,,,,,,,,,,,,,,,,,,,
000TESTFIUIDDONOTUSEXBXVID233XTC1,20241201,1,1,988,,999,,999,,999,,999,,,1,20241231,999,,999,,,,999,,,,,,999,,999,999,988,,988,,988,,988,988,,988,988,,,,,,,,,,,,,,,,,,,,,,,,,,,,,,,,,,,,,
000TESTFIUIDDONOTUSEXGXVID241XTC1,20241201,1,1,988,,999,,999,,999,,999,,,1,20241231,999,,999,,,,,,,,,,999,,999,999,988,,988,,988,,988,988,,988,988,,,,,,,,,,,,,,,,,,,,,,,,,,,,,,,,,,,,,
000TESTFIUIDDONOTUSEXGXVID241XTC2,20241201,1,1,988,,999,,999,,999,,999,,,1,20241231,999,,999,,,,9001,,,,,,999,,999,999,988,,988,,988,,988,988,,988,988,,,,,,,,,,,,,,,,,,,,,,,,,,,,,,,,,,,,,
000TESTFIUIDDONOTUSEXGXVID242XTC1,20241201,1,1,988,,999,,999,,999,,999,,,1,20241231,999,,2,,,,1,,,,,,999,,999,999,988,,988,,988,,988,988,,988,988,,,,,,,,,,,,,,,,,,,,,,,,,,,,,,,,,,,,,
000TESTFIUIDDONOTUSEXGXVID242XTC2,20241201,1,1,988,,999,,999,,999,,999,,,1,20241231,999,,4,,,,1,,,,,,999,,999,999,988,,988,,988,,988,988,,988,988,,,,,,,,,,,,,,,,,,,,,,,,,,,,,,,,,,,,,
000TESTFIUIDDONOTUSEXGXVID242XTC3,20241201,1,1,988,,999,,999,,999,,999,,,1,20241231,999,,6,,,,1,,,,,,999,,999,999,988,,988,,988,,988,988,,988,988,,,,,,,,,,,,,,,,,,,,,,,,,,,,,,,,,,,,,
000TESTFIUIDDONOTUSEXGXVID242XTC4,20241201,1,1,988,,999,,999,,999,,999,,,3,20241231,999,,999,,,,1,,,,,,999,,999,999,988,,988,,988,,988,988,,988,988,,,,,,,,,,,,,,,,,,,,,,,,,,,,,,,,,,,,,
000TESTFIUIDDONOTUSEXGXVID242XTC5,20241201,1,1,988,,999,,999,,999,,999,,,1,20241231,999,,1,,,,999,,,,,,999,,999,999,988,,988,,988,,988,988,,988,988,,,,,,,,,,,,,,,,,,,,,,,,,,,,,,,,,,,,,
000TESTFIUIDDONOTUSEXGXVID242XTC6,20241201,1,1,988,,999,,999,,999,,999,,,1,20241231,999,,3,,,,999,,,,,,999,,999,999,988,,988,,988,,988,988,,988,988,,,,,,,,,,,,,,,,,,,,,,,,,,,,,,,,,,,,,
000TESTFIUIDDONOTUSEXGXVID242XTC7,20241201,1,1,988,,999,,999,,999,,999,,,1,20241231,999,,5,,,,999,,,,,,999,,999,999,988,,988,,988,,988,988,,988,988,,,,,,,,,,,,,,,,,,,,,,,,,,,,,,,,,,,,,
000TESTFIUIDDONOTUSEXGXVID251XTC1,20241201,1,1,988,,999,,999,,999,,999,,,1,20241231,999,,999,,,,977,123456789012345678901234567890123456789012345678901234567890123456789012345678901234567890123456789012345678901234567890123456789012345678901234567890123456789012345678901234567890123456789012345678901234567890123456789012345678901234567890123456789012345678901234567890123456789012345678901234567890XXX,,,,,999,,999,999,988,,988,,988,,988,988,,988,988,,,,,,,,,,,,,,,,,,,,,,,,,,,,,,,,,,,,,
000TESTFIUIDDONOTUSEXGXVID252XTC1,20241201,1,1,988,,999,,999,,999,,999,,,1,20241231,999,,999,,,,1,must be blank,,,,,999,,999,999,988,,988,,988,,988,988,,988,988,,,,,,,,,,,,,,,,,,,,,,,,,,,,,,,,,,,,,
000TESTFIUIDDONOTUSEXGXVID252XTC2,20241201,1,1,988,,999,,999,,999,,999,,,1,20241231,999,,999,,,,977,,,,,,999,,999,999,988,,988,,988,,988,988,,988,988,,,,,,,,,,,,,,,,,,,,,,,,,,,,,,,,,,,,,
000TESTFIUIDDONOTUSEXBXVID261XTC1,20241201,1,1,988,,999,,999,,999,,999,,,1,20241231,999,,999,,,,1,,nonNumericValue,,,,999,,999,999,988,,988,,988,,988,988,,988,988,,,,,,,,,,,,,,,,,,,,,,,,,,,,,,,,,,,,,
000TESTFIUIDDONOTUSEXGXVID262XTC1,20241201,1,1,988,,999,,999,,999,,999,,,1,20241231,999,,2,,,,1,,2,,,,999,,999,999,988,,988,,988,,988,988,,988,988,,,,,,,,,,,,,,,,,,,,,,,,,,,,,,,,,,,,,
000TESTFIUIDDONOTUSEXGXVID262XTC2,20241201,1,1,988,,999,,999,,999,,999,,,1,20241231,999,,4,,,,1,,2,,,,999,,999,999,988,,988,,988,,988,988,,988,988,,,,,,,,,,,,,,,,,,,,,,,,,,,,,,,,,,,,,
000TESTFIUIDDONOTUSEXGXVID262XTC3,20241201,1,1,988,,999,,999,,999,,999,,,1,20241231,999,,5,,,,1,,2,,,,999,,999,999,988,,988,,988,,988,988,,988,988,,,,,,,,,,,,,,,,,,,,,,,,,,,,,,,,,,,,,
000TESTFIUIDDONOTUSEXGXVID262XTC4,20241201,1,1,988,,999,,999,,999,,999,,,1,20241231,999,,6,,,,1,,2,,,,999,,999,999,988,,988,,988,,988,988,,988,988,,,,,,,,,,,,,,,,,,,,,,,,,,,,,,,,,,,,,
000TESTFIUIDDONOTUSEXGXVID262XTC5,20241201,1,1,988,,999,,999,,999,,999,,,3,20241231,999,,999,,,,1,,2,,,,999,,999,999,988,,988,,988,,988,988,,988,988,,,,,,,,,,,,,,,,,,,,,,,,,,,,,,,,,,,,,
000TESTFIUIDDONOTUSEXGXVID262XTC6,20241201,1,1,988,,999,,999,,999,,999,,,1,20241231,999,,1,,,,1,,2,,,,999,,999,999,988,,988,,988,,988,988,,988,988,,,,,,,,,,,,,,,,,,,,,,,,,,,,,,,,,,,,,
000TESTFIUIDDONOTUSEXGXVID262XTC7,20241201,1,1,988,,999,,999,,999,,999,,,1,20241231,999,,3,,,,1,,2,,,,999,,999,999,988,,988,,988,,988,988,,988,988,,,,,,,,,,,,,,,,,,,,,,,,,,,,,,,,,,,,,
000TESTFIUIDDONOTUSEXBXVID271XTC1,20241201,1,1,988,,999,,999,,999,,999,,,1,20241231,999,,999,,,,999,,,nonNumericValue,,,999,,999,999,988,,988,,988,,988,988,,988,988,,,,,,,,,,,,,,,,,,,,,,,,,,,,,,,,,,,,,
000TESTFIUIDDONOTUSEXBXVID281XTC1,20241201,1,1,988,,999,,999,,999,,999,,,1,20241231,999,,999,,,,999,,,,nonNumericValue,,999,,999,999,988,,988,,988,,988,988,,988,988,,,,,,,,,,,,,,,,,,,,,,,,,,,,,,,,,,,,,
000TESTFIUIDDONOTUSEXBXVID291XTC1,20241201,1,1,988,,999,,999,,999,,999,,,1,20241231,999,,999,,,,999,,,,,nonNumericValue,999,,999,999,988,,988,,988,,988,988,,988,988,,,,,,,,,,,,,,,,,,,,,,,,,,,,,,,,,,,,,
000TESTFIUIDDONOTUSEXBXVID301XTC1,20241201,1,1,988,,999,,999,,999,,999,,,5,20241231,999,,999,,,,999,,,,,,,,999,999,988,,988,,988,,988,988,,988,988,,,,,,,,,,,,,,,,,,,,,,,,,,,,,,,,,,,,,
000TESTFIUIDDONOTUSEXBXVID301XTC2,20241201,1,1,988,,999,,999,,999,,999,,,5,20241231,999,,999,,,,999,,,,,,99009001,,999,999,988,,988,,988,,988,988,,988,988,,,,,,,,,,,,,,,,,,,,,,,,,,,,,,,,,,,,,
000TESTFIUIDDONOTUSEXBXVID302XTC1,20241201,1,1,988,,999,,999,,999,,999,,,5,20241231,999,,999,,,,999,,,,,,900,,999,999,988,,988,,988,,988,988,,988,988,,,,,,,,,,,,,,,,,,,,,,,,,,,,,,,,,,,,,
000TESTFIUIDDONOTUSEXBXVID311XTC1,20241201,1,1,988,,999,,999,,999,,999,,,5,20241231,999,,999,,,,999,,,,,,900,nonNumericValue,999,999,988,,988,,988,,988,988,,988,988,,,,,,,,,,,,,,,,,,,,,,,,,,,,,,,,,,,,,
000TESTFIUIDDONOTUSEXBXVID312XTC1,20241201,1,1,988,,999,,999,,999,,999,,,5,20241231,999,,999,,,,999,,,,,,999,must be blank,999,999,988,,988,,988,,988,988,,988,988,,,,,,,,,,,,,,,,,,,,,,,,,,,,,,,,,,,,,
000TESTFIUIDDONOTUSEXBXVID312XTC2,20241201,1,1,988,,999,,999,,999,,999,,,5,20241231,999,,999,,,,999,,,,,,900,,999,999,988,,988,,988,,988,988,,988,988,,,,,,,,,,,,,,,,,,,,,,,,,,,,,,,,,,,,,
000TESTFIUIDDONOTUSEXBXVID321XTC1,20241201,1,1,988,,999,,999,,999,,999,,,1,20241231,999,,999,,,,999,,,,,,999,,,999,988,,988,,988,,988,988,,988,988,,,,,,,,,,,,,,,,,,,,,,,,,,,,,,,,,,,,,
000TESTFIUIDDONOTUSEXBXVID321XTC2,20241201,1,1,988,,999,,999,,999,,999,,,1,20241231,999,,999,,,,999,,,,,,999,,9001,999,988,,988,,988,,988,988,,988,988,,,,,,,,,,,,,,,,,,,,,,,,,,,,,,,,,,,,,
000TESTFIUIDDONOTUSEXBXVID331XTC1,20241201,1,1,988,,999,,999,,999,,999,,,1,20241231,999,,999,,,,999,,,,,,999,,999,,988,,988,,988,,988,988,,988,988,,,,,,,,,,,,,,,,,,,,,,,,,,,,,,,,,,,,,
000TESTFIUIDDONOTUSEXBXVID331XTC2,20241201,1,1,988,,999,,999,,999,,999,,,1,20241231,999,,999,,,,999,,,,,,999,,999,9001,988,,988,,988,,988,988,,988,988,,,,,,,,,,,,,,,,,,,,,,,,,,,,,,,,,,,,,
000TESTFIUIDDONOTUSEXBXVID341XTC1,20241201,1,1,988,,999,,999,,999,,999,,,5,20241231,999,,999,,,,999,,,,,,999,,999,999,,,988,,988,,988,988,,988,988,,,,,,,,,,,,,,,,,,,,,,,,,,,,,,,,,,,,,
000TESTFIUIDDONOTUSEXBXVID341XTC2,20241201,1,1,988,,999,,999,,999,,999,,,5,20241231,999,,999,,,,999,,,,,,999,,999,999,9001,,988,,988,,988,988,,988,988,,,,,,,,,,,,,,,,,,,,,,,,,,,,,,,,,,,,,
000TESTFIUIDDONOTUSEXBXVID351XTC1,20241201,1,1,988,,999,,999,,999,,999,,,5,20241231,999,,999,,,,999,,,,,,999,,999,999,1,1.23457E+11,988,,988,,988,988,,988,988,,,,,,,,,,,,,,,,,,,,,,,,,,,,,,,,,,,,,
000TESTFIUIDDONOTUSEXBXVID351XTC2,20241201,1,1,988,,999,,999,,999,,999,,,5,20241231,999,,999,,,,999,,,,,,999,,999,999,1,1234567890,988,,988,,988,988,,988,988,,,,,,,,,,,,,,,,,,,,,,,,,,,,,,,,,,,,,
000TESTFIUIDDONOTUSEXBXVID352XTC1,20241201,1,1,988,,999,,999,,999,,999,,,5,20241231,999,,999,,,,999,,,,,,999,,999,999,988,must be blank,988,,988,,988,988,,988,988,,,,,,,,,,,,,,,,,,,,,,,,,,,,,,,,,,,,,
000TESTFIUIDDONOTUSEXBXVID352XTC2,20241201,1,1,988,,999,,999,,999,,999,,,5,20241231,999,,999,,,,999,,,,,,999,,999,999,1,,988,,988,,988,988,,988,988,,,,,,,,,,,,,,,,,,,,,,,,,,,,,,,,,,,,,
000TESTFIUIDDONOTUSEXBXVID352XTC3,20241201,1,1,988,,999,,999,,999,,999,,,5,20241231,999,,999,,,,999,,,,,,999,,999,999,2,,988,,988,,988,988,,988,988,,,,,,,,,,,,,,,,,,,,,,,,,,,,,,,,,,,,,
000TESTFIUIDDONOTUSEXBXVID352XTC4,20241201,1,1,988,,999,,999,,999,,999,,,5,20241231,999,,999,,,,999,,,,,,999,,999,999,3,,988,,988,,988,988,,988,988,,,,,,,,,,,,,,,,,,,,,,,,,,,,,,,,,,,,,
000TESTFIUIDDONOTUSEXBXVID353XTC1,20241201,1,1,988,,999,,999,,999,,999,,,5,20241231,999,,999,,,,999,,,,,,999,,999,999,1,,988,,988,,988,988,,988,988,,,,,,,,,,,,,,,,,,,,,,,,,,,,,,,,,,,,,
000TESTFIUIDDONOTUSEXBXVID361XTC1,20241201,1,1,988,,999,,999,,999,,999,,,5,20241231,999,,999,,,,999,,,,,,999,,999,999,988,,,,988,,988,988,,988,988,,,,,,,,,,,,,,,,,,,,,,,,,,,,,,,,,,,,,
000TESTFIUIDDONOTUSEXBXVID361XTC2,20241201,1,1,988,,999,,999,,999,,999,,,5,20241231,999,,999,,,,999,,,,,,999,,999,999,988,,99009001,,988,,988,988,,988,988,,,,,,,,,,,,,,,,,,,,,,,,,,,,,,,,,,,,,
000TESTFIUIDDONOTUSEXBXVID371XTC1,20241201,1,1,988,,999,,999,,999,,999,,,5,20241231,999,,999,,,,999,,,,,,999,,999,999,988,,900,nonNumericValue,988,,988,988,,988,988,,,,,,,,,,,,,,,,,,,,,,,,,,,,,,,,,,,,,
000TESTFIUIDDONOTUSEXBXVID372XTC1,20241201,1,1,988,,999,,999,,999,,999,,,5,20241231,999,,999,,,,999,,,,,,999,,999,999,988,,988,must be blank,988,,988,988,,988,988,,,,,,,,,,,,,,,,,,,,,,,,,,,,,,,,,,,,,
000TESTFIUIDDONOTUSEXBXVID372XTC2,20241201,1,1,988,,999,,999,,999,,999,,,5,20241231,999,,999,,,,999,,,,,,999,,999,999,988,,900,,988,,988,988,,988,988,,,,,,,,,,,,,,,,,,,,,,,,,,,,,,,,,,,,,
000TESTFIUIDDONOTUSEXBXVID381XTC1,20241201,1,1,988,,999,,999,,999,,999,,,5,20241231,999,,999,,,,999,,,,,,999,,999,999,988,,988,,,,988,988,,988,988,,,,,,,,,,,,,,,,,,,,,,,,,,,,,,,,,,,,,
000TESTFIUIDDONOTUSEXBXVID381XTC2,20241201,1,1,988,,999,,999,,999,,999,,,5,20241231,999,,999,,,,999,,,,,,999,,999,999,988,,988,,9001,,988,988,,988,988,,,,,,,,,,,,,,,,,,,,,,,,,,,,,,,,,,,,,
000TESTFIUIDDONOTUSEXBXVID391XTC1,20241201,1,1,988,,999,,999,,999,,999,,,5,20241231,999,,999,,,,999,,,,,,999,,999,999,988,,988,,900,9001,988,988,,988,988,,,,,,,,,,,,,,,,,,,,,,,,,,,,,,,,,,,,,
000TESTFIUIDDONOTUSEXBXVID391XTC2,20241201,1,1,988,,999,,999,,999,,999,,,5,20241231,999,,999,,,,999,,,,,,999,,999,999,988,,988,,900,90,988,988,,988,988,,,,,,,,,,,,,,,,,,,,,,,,,,,,,,,,,,,,,
000TESTFIUIDDONOTUSEXBXVID392XTC1,20241201,1,1,988,,999,,999,,999,,999,,,5,20241231,999,,999,,,,999,,,,,,999,,999,999,988,,988,,900,notDigits,988,988,,988,988,,,,,,,,,,,,,,,,,,,,,,,,,,,,,,,,,,,,,
000TESTFIUIDDONOTUSEXBXVID393XTC2,20241201,1,1,988,,999,,999,,999,,999,,,5,20241231,999,,999,,,,999,,,,,,999,,999,999,988,,988,,900,,988,988,,988,988,,,,,,,,,,,,,,,,,,,,,,,,,,,,,,,,,,,,,
000TESTFIUIDDONOTUSEXBXVID394XTC1,20241201,1,1,988,,999,,999,,999,,999,,,5,20241231,999,,999,,,,999,,,,,,999,,999,999,988,,988,,900,666,988,988,,988,988,,,,,,,,,,,,,,,,,,,,,,,,,,,,,,,,,,,,,
000TESTFIUIDDONOTUSEXBXVID401XTC1,20241201,1,1,988,,999,,999,,999,,999,,,5,20241231,999,,999,,,,999,,,,,,999,,999,999,988,,988,,988,,,988,,988,988,,,,,,,,,,,,,,,,,,,,,,,,,,,,,,,,,,,,,
000TESTFIUIDDONOTUSEXBXVID401XTC2,20241201,1,1,988,,999,,999,,999,,999,,,5,20241231,999,,999,,,,999,,,,,,999,,999,999,988,,988,,988,,9001,988,,988,988,,,,,,,,,,,,,,,,,,,,,,,,,,,,,,,,,,,,,
000TESTFIUIDDONOTUSEXBXVID411XTC1,20241201,1,1,988,,999,,999,,999,,999,,,5,20241231,999,,999,,,,999,,,,,,999,,999,999,988,,988,,988,,988,,,988,988,,,,,,,,,,,,,,,,,,,,,,,,,,,,,,,,,,,,,
000TESTFIUIDDONOTUSEXBXVID411XTC2,20241201,1,1,988,,999,,999,,999,,999,,,5,20241231,999,,999,,,,999,,,,,,999,,999,999,988,,988,,988,,988,9001,,988,988,,,,,,,,,,,,,,,,,,,,,,,,,,,,,,,,,,,,,
000TESTFIUIDDONOTUSEXBXVID421XTC1,20241201,1,1,988,,999,,999,,999,,999,,,5,20241231,999,,999,,,,999,,,,,,999,,999,999,988,,988,,988,,988,1,1.1,988,988,,,,,,,,,,,,,,,,,,,,,,,,,,,,,,,,,,,,,
000TESTFIUIDDONOTUSEXBXVID422XTC1,20241201,1,1,988,,999,,999,,999,,999,,,5,20241231,999,,999,,,,999,,,,,,999,,999,999,988,,988,,988,,988,1,-1.1,988,988,,,,,,,,,,,,,,,,,,,,,,,,,,,,,,,,,,,,,
000TESTFIUIDDONOTUSEXBXVID423XTC1,20241201,1,1,988,,999,,999,,999,,999,,,5,20241231,999,,999,,,,999,,,,,,999,,999,999,988,,988,,988,,988,988,must be blank,988,988,,,,,,,,,,,,,,,,,,,,,,,,,,,,,,,,,,,,,
000TESTFIUIDDONOTUSEXBXVID423XTC2,20241201,1,1,988,,999,,999,,999,,999,,,5,20241231,999,,999,,,,999,,,,,,999,,999,999,988,,988,,988,,988,1,,988,988,,,,,,,,,,,,,,,,,,,,,,,,,,,,,,,,,,,,,
000TESTFIUIDDONOTUSEXBXVID431XTC1,20241201,1,1,988,,999,,999,,999,,999,,,5,20241231,999,,999,,,,999,,,,,,999,,999,999,988,,988,,988,,988,988,,1;2; 9001,988,,,,,,,,,,,,,,,,,,,,,,,,,,,,,,,,,,,,,
000TESTFIUIDDONOTUSEXBXVID432XTC1,20241201,1,1,988,,999,,999,,999,,999,,,5,20241231,999,,999,,,,999,,,,,,999,,999,999,988,,988,,988,,988,988,,,988,,,,,,,,,,,,,,,,,,,,,,,,,,,,,,,,,,,,,
000TESTFIUIDDONOTUSEXBXVID433XTC1,20241201,1,1,988,,999,,999,,999,,999,,,5,20241231,999,,999,,,,999,,,,,,999,,999,999,988,,988,,988,,988,988,,1;2;2,988,,,,,,,,,,,,,,,,,,,,,,,,,,,,,,,,,,,,,
000TESTFIUIDDONOTUSEXBXVID434XTC1,20241201,1,1,988,,999,,999,,999,,999,,,5,20241231,999,,999,,,,999,,,,,,999,,999,999,988,,988,,988,,988,988,,2;3;988,988,,,,,,,,,,,,,,,,,,,,,,,,,,,,,,,,,,,,,
000TESTFIUIDDONOTUSEXBXVID441XTC1,20241201,1,1,988,,999,,999,,999,,999,,,5,20241231,999,,999,,,,999,,,,,,999,,999,999,988,,988,,988,,988,988,,988,,,,,,,,,,,,,,,,,,,,,,,,,,,,,,,,,,,,,,
000TESTFIUIDDONOTUSEXBXVID441XTC2,20241201,1,1,988,,999,,999,,999,,999,,,5,20241231,999,,999,,,,999,,,,,,999,,999,999,988,,988,,988,,988,988,,988,9001,,,,,,,,,,,,,,,,,,,,,,,,,,,,,,,,,,,,,
000TESTFIUIDDONOTUSEXBXVID451XTC1,20241201,1,1,988,,999,,999,,999,,999,,,5,20241231,999,,999,,,,999,,,,,,999,,999,999,988,,988,,988,,988,988,,988,900,9001,,,,,,,,,,,,,,,,,,,,,,,,,,,,,,,,,,,,
000TESTFIUIDDONOTUSEXBXVID452XTC1,20241201,1,1,988,,999,,999,,999,,999,,,5,20241231,999,,999,,,,999,,,,,,999,,999,999,988,,988,,988,,988,988,,988,988,must be blank,,,,,,,,,,,,,,,,,,,,,,,,,,,,,,,,,,,,
000TESTFIUIDDONOTUSEXBXVID452XTC2,20241201,1,1,988,,999,,999,,999,,999,,,5,20241231,999,,999,,,,999,,,,,,999,,999,999,988,,988,,988,,988,988,,988,900,,,,,,,,,,,,,,,,,,,,,,,,,,,,,,,,,,,,,
000TESTFIUIDDONOTUSEXBXVID461XPO1TC1,20241201,1,1,988,,999,,999,,999,,999,,,5,20241231,999,,999,,,,999,,,,,,999,,999,999,988,,988,,988,,988,988,,988,900,1,9001;1,,2,,,,,988,,,,,,,,,,,,,,,,,,,,,,,,,,,,
000TESTFIUIDDONOTUSEXBXVID461XPO2TC1,20241201,1,1,988,,999,,999,,999,,999,,,5,20241231,999,,999,,,,999,,,,,,999,,999,999,988,,988,,988,,988,988,,988,900,2,988,,2,,,,,988,,9001;1,,2,,,,,988,,,,,,,,,,,,,,,,,,,
000TESTFIUIDDONOTUSEXBXVID461XPO3TC1,20241201,1,1,988,,999,,999,,999,,999,,,5,20241231,999,,999,,,,999,,,,,,999,,999,999,988,,988,,988,,988,988,,988,900,3,988,,2,,,,,988,,988,,2,,,,,988,,9001;1,,2,,,,,988,,,,,,,,,,
000TESTFIUIDDONOTUSEXBXVID461XPO4TC1,20241201,1,1,988,,999,,999,,999,,999,,,5,20241231,999,,999,,,,999,,,,,,999,,999,999,988,,988,,988,,988,988,,988,900,4,988,,2,,,,,988,,988,,2,,,,,988,,988,,2,,,,,988,,9001;1,,2,,,,,988,
000TESTFIUIDDONOTUSEXBXVID462XPO1TC1,20241201,1,1,988,,999,,999,,999,,999,,,5,20241231,999,,999,,,,999,,,,,,999,,999,999,988,,988,,988,,988,988,,988,900,1,1;11;11,,2,,,,,988,,,,,,,,,,,,,,,,,,,,,,,,,,,,
000TESTFIUIDDONOTUSEXBXVID462XPO2TC1,20241201,1,1,988,,999,,999,,999,,999,,,5,20241231,999,,999,,,,999,,,,,,999,,999,999,988,,988,,988,,988,988,,988,900,2,988,,2,,,,,988,,1;11;11,,2,,,,,988,,,,,,,,,,,,,,,,,,,
000TESTFIUIDDONOTUSEXBXVID462XPO3TC1,20241201,1,1,988,,999,,999,,999,,999,,,5,20241231,999,,999,,,,999,,,,,,999,,999,999,988,,988,,988,,988,988,,988,900,3,988,,2,,,,,988,,988,,2,,,,,988,,1;11;11,,2,,,,,988,,,,,,,,,,
000TESTFIUIDDONOTUSEXBXVID462XPO4TC1,20241201,1,1,988,,999,,999,,999,,999,,,5,20241231,999,,999,,,,999,,,,,,999,,999,999,988,,988,,988,,988,988,,988,900,4,988,,2,,,,,988,,988,,2,,,,,988,,988,,2,,,,,988,,1;11;11,,2,,,,,988,
000TESTFIUIDDONOTUSEXBXVID463XPO1TC1,20241201,1,1,988,,999,,999,,999,,999,,,5,20241231,999,,999,,,,999,,,,,,999,,999,999,988,,988,,988,,988,988,,988,900,1,988;1,,2,,,,,988,,,,,,,,,,,,,,,,,,,,,,,,,,,,
000TESTFIUIDDONOTUSEXBXVID463XPO2TC1,20241201,1,1,988,,999,,999,,999,,999,,,5,20241231,999,,999,,,,999,,,,,,999,,999,999,988,,988,,988,,988,988,,988,900,2,988,,2,,,,,988,,988;1,,2,,,,,988,,,,,,,,,,,,,,,,,,,
000TESTFIUIDDONOTUSEXBXVID463XPO3TC1,20241201,1,1,988,,999,,999,,999,,999,,,5,20241231,999,,999,,,,999,,,,,,999,,999,999,988,,988,,988,,988,988,,988,900,3,988,,2,,,,,988,,988,,2,,,,,988,,988;1,,2,,,,,988,,,,,,,,,,
000TESTFIUIDDONOTUSEXBXVID463XPO4TC1,20241201,1,1,988,,999,,999,,999,,999,,,5,20241231,999,,999,,,,999,,,,,,999,,999,999,988,,988,,988,,988,988,,988,900,4,988,,2,,,,,988,,988,,2,,,,,988,,988,,2,,,,,988,,988;1,,2,,,,,988,
000TESTFIUIDDONOTUSEXBXVID471XPO1TC1,20241201,1,1,988,,999,,999,,999,,999,,,5,20241231,999,,999,,,,999,,,,,,999,,999,999,988,,988,,988,,988,988,,988,900,1,977;1,123456789012345678901234567890123456789012345678901234567890123456789012345678901234567890123456789012345678901234567890123456789012345678901234567890123456789012345678901234567890123456789012345678901234567890123456789012345678901234567890123456789012345678901234567890123456789012345678901234567890XXX,2,,,,,988,,,,,,,,,,,,,,,,,,,,,,,,,,,,
000TESTFIUIDDONOTUSEXBXVID471XPO2TC1,20241201,1,1,988,,999,,999,,999,,999,,,5,20241231,999,,999,,,,999,,,,,,999,,999,999,988,,988,,988,,988,988,,988,900,2,988,,2,,,,,988,,977;1,123456789012345678901234567890123456789012345678901234567890123456789012345678901234567890123456789012345678901234567890123456789012345678901234567890123456789012345678901234567890123456789012345678901234567890123456789012345678901234567890123456789012345678901234567890123456789012345678901234567890XXX,2,,,,,988,,,,,,,,,,,,,,,,,,,
000TESTFIUIDDONOTUSEXBXVID471XPO3TC1,20241201,1,1,988,,999,,999,,999,,999,,,5,20241231,999,,999,,,,999,,,,,,999,,999,999,988,,988,,988,,988,988,,988,900,3,988,,2,,,,,988,,988,,2,,,,,988,,977;1,123456789012345678901234567890123456789012345678901234567890123456789012345678901234567890123456789012345678901234567890123456789012345678901234567890123456789012345678901234567890123456789012345678901234567890123456789012345678901234567890123456789012345678901234567890123456789012345678901234567890XXX,2,,,,,988,,,,,,,,,,
000TESTFIUIDDONOTUSEXBXVID471XPO4TC1,20241201,1,1,988,,999,,999,,999,,999,,,5,20241231,999,,999,,,,999,,,,,,999,,999,999,988,,988,,988,,988,988,,988,900,4,988,,2,,,,,988,,988,,2,,,,,988,,988,,2,,,,,988,,977;1,123456789012345678901234567890123456789012345678901234567890123456789012345678901234567890123456789012345678901234567890123456789012345678901234567890123456789012345678901234567890123456789012345678901234567890123456789012345678901234567890123456789012345678901234567890123456789012345678901234567890XXX,2,,,,,988,
000TESTFIUIDDONOTUSEXBXVID472XPO1TC1,20241201,1,1,988,,999,,999,,999,,999,,,5,20241231,999,,999,,,,999,,,,,,999,,999,999,988,,988,,988,,988,988,,988,900,1,1;11,must be blank,2,,,,,988,,,,,,,,,,,,,,,,,,,,,,,,,,,,
000TESTFIUIDDONOTUSEXBXVID472XPO1TC2,20241201,1,1,988,,999,,999,,999,,999,,,5,20241231,999,,999,,,,999,,,,,,999,,999,999,988,,988,,988,,988,988,,988,900,1,977;1,,2,,,,,988,,,,,,,,,,,,,,,,,,,,,,,,,,,,
000TESTFIUIDDONOTUSEXBXVID472XPO2TC1,20241201,1,1,988,,999,,999,,999,,999,,,5,20241231,999,,999,,,,999,,,,,,999,,999,999,988,,988,,988,,988,988,,988,900,2,988,,2,,,,,988,,1;11,must be blank,2,,,,,988,,,,,,,,,,,,,,,,,,,
000TESTFIUIDDONOTUSEXBXVID472XPO2TC2,20241201,1,1,988,,999,,999,,999,,999,,,5,20241231,999,,999,,,,999,,,,,,999,,999,999,988,,988,,988,,988,988,,988,900,2,988,,2,,,,,988,,977;1,,2,,,,,988,,,,,,,,,,,,,,,,,,,
000TESTFIUIDDONOTUSEXBXVID472XPO3TC1,20241201,1,1,988,,999,,999,,999,,999,,,5,20241231,999,,999,,,,999,,,,,,999,,999,999,988,,988,,988,,988,988,,988,900,3,988,,2,,,,,988,,988,,2,,,,,988,,1;11,must be blank,2,,,,,988,,,,,,,,,,
000TESTFIUIDDONOTUSEXBXVID472XPO3TC2,20241201,1,1,988,,999,,999,,999,,999,,,5,20241231,999,,999,,,,999,,,,,,999,,999,999,988,,988,,988,,988,988,,988,900,3,988,,2,,,,,988,,988,,2,,,,,988,,977;1,,2,,,,,988,,,,,,,,,,
000TESTFIUIDDONOTUSEXBXVID472XPO4TC1,20241201,1,1,988,,999,,999,,999,,999,,,5,20241231,999,,999,,,,999,,,,,,999,,999,999,988,,988,,988,,988,988,,988,900,4,988,,2,,,,,988,,988,,2,,,,,988,,988,,2,,,,,988,,1;11,must be blank,2,,,,,988,
000TESTFIUIDDONOTUSEXBXVID472XPO4TC2,20241201,1,1,988,,999,,999,,999,,999,,,5,20241231,999,,999,,,,999,,,,,,999,,999,999,988,,988,,988,,988,988,,988,900,4,988,,2,,,,,988,,988,,2,,,,,988,,988,,2,,,,,988,,977;1,,2,,,,,988,
000TESTFIUIDDONOTUSEXBXVID481XPO1TC1,20241201,1,1,988,,999,,999,,999,,999,,,5,20241231,999,,999,,,,999,,,,,,999,,999,999,988,,988,,988,,988,988,,988,900,1,988,,9001;1,,,,,988,,,,,,,,,,,,,,,,,,,,,,,,,,,,
000TESTFIUIDDONOTUSEXBXVID481XPO2TC1,20241201,1,1,988,,999,,999,,999,,999,,,5,20241231,999,,999,,,,999,,,,,,999,,999,999,988,,988,,988,,988,988,,988,900,2,988,,2,,,,,988,,988,,9001;1,,,,,988,,,,,,,,,,,,,,,,,,,
000TESTFIUIDDONOTUSEXBXVID481XPO3TC1,20241201,1,1,988,,999,,999,,999,,999,,,5,20241231,999,,999,,,,999,,,,,,999,,999,999,988,,988,,988,,988,988,,988,900,3,988,,2,,,,,988,,988,,2,,,,,988,,988,,9001;1,,,,,988,,,,,,,,,,
000TESTFIUIDDONOTUSEXBXVID481XPO4TC1,20241201,1,1,988,,999,,999,,999,,999,,,5,20241231,999,,999,,,,999,,,,,,999,,999,999,988,,988,,988,,988,988,,988,900,4,988,,2,,,,,988,,988,,2,,,,,988,,988,,2,,,,,988,,988,,9001;1,,,,,988,
000TESTFIUIDDONOTUSEXBXVID482XPO1TC1,20241201,1,1,988,,999,,999,,999,,999,,,5,20241231,999,,999,,,,999,,,,,,999,,999,999,988,,988,,988,,988,988,,988,900,1,988,,1;2;2,,,,,988,,,,,,,,,,,,,,,,,,,,,,,,,,,,
000TESTFIUIDDONOTUSEXBXVID482XPO2TC1,20241201,1,1,988,,999,,999,,999,,999,,,5,20241231,999,,999,,,,999,,,,,,999,,999,999,988,,988,,988,,988,988,,988,900,2,988,,2,,,,,988,,988,,1;2;2,,,,,988,,,,,,,,,,,,,,,,,,,
000TESTFIUIDDONOTUSEXBXVID482XPO3TC1,20241201,1,1,988,,999,,999,,999,,999,,,5,20241231,999,,999,,,,999,,,,,,999,,999,999,988,,988,,988,,988,988,,988,900,3,988,,2,,,,,988,,988,,2,,,,,988,,988,,1;2;2,,,,,988,,,,,,,,,,
000TESTFIUIDDONOTUSEXBXVID482XPO4TC1,20241201,1,1,988,,999,,999,,999,,999,,,5,20241231,999,,999,,,,999,,,,,,999,,999,999,988,,988,,988,,988,988,,988,900,4,988,,2,,,,,988,,988,,2,,,,,988,,988,,2,,,,,988,,988,,1;2;2,,,,,988,
000TESTFIUIDDONOTUSEXBXVID483XPO1TC1,20241201,1,1,988,,999,,999,,999,,999,,,5,20241231,999,,999,,,,999,,,,,,999,,999,999,988,,988,,988,,988,988,,988,900,1,988,,988;1,,,,,988,,,,,,,,,,,,,,,,,,,,,,,,,,,,
000TESTFIUIDDONOTUSEXBXVID483XPO2TC1,20241201,1,1,988,,999,,999,,999,,999,,,5,20241231,999,,999,,,,999,,,,,,999,,999,999,988,,988,,988,,988,988,,988,900,2,988,,2,,,,,988,,988,,988;1,,,,,988,,,,,,,,,,,,,,,,,,,
000TESTFIUIDDONOTUSEXBXVID483XPO3TC1,20241201,1,1,988,,999,,999,,999,,999,,,5,20241231,999,,999,,,,999,,,,,,999,,999,999,988,,988,,988,,988,988,,988,900,3,988,,2,,,,,988,,988,,2,,,,,988,,988,,988;1,,,,,988,,,,,,,,,,
000TESTFIUIDDONOTUSEXBXVID483XPO4TC1,20241201,1,1,988,,999,,999,,999,,999,,,5,20241231,999,,999,,,,999,,,,,,999,,999,999,988,,988,,988,,988,988,,988,900,4,988,,2,,,,,988,,988,,2,,,,,988,,988,,2,,,,,988,,988,,988;1,,,,,988,
000TESTFIUIDDONOTUSEXBXVID491XPO1TC1,20241201,1,1,988,,999,,999,,999,,999,,,5,20241231,999,,999,,,,999,,,,,,999,,999,999,988,,988,,988,,988,988,,988,900,1,988,,971;1,123456789012345678901234567890123456789012345678901234567890123456789012345678901234567890123456789012345678901234567890123456789012345678901234567890123456789012345678901234567890123456789012345678901234567890123456789012345678901234567890123456789012345678901234567890123456789012345678901234567890XXX,,,,988,,,,,,,,,,,,,,,,,,,,,,,,,,,,
000TESTFIUIDDONOTUSEXBXVID491XPO2TC1,20241201,1,1,988,,999,,999,,999,,999,,,5,20241231,999,,999,,,,999,,,,,,999,,999,999,988,,988,,988,,988,988,,988,900,2,988,,2,,,,,988,,988,,971;1,123456789012345678901234567890123456789012345678901234567890123456789012345678901234567890123456789012345678901234567890123456789012345678901234567890123456789012345678901234567890123456789012345678901234567890123456789012345678901234567890123456789012345678901234567890123456789012345678901234567890XXX,,,,988,,,,,,,,,,,,,,,,,,,
000TESTFIUIDDONOTUSEXBXVID491XPO3TC1,20241201,1,1,988,,999,,999,,999,,999,,,5,20241231,999,,999,,,,999,,,,,,999,,999,999,988,,988,,988,,988,988,,988,900,3,988,,2,,,,,988,,988,,2,,,,,988,,988,,971;1,123456789012345678901234567890123456789012345678901234567890123456789012345678901234567890123456789012345678901234567890123456789012345678901234567890123456789012345678901234567890123456789012345678901234567890123456789012345678901234567890123456789012345678901234567890123456789012345678901234567890XXX,,,,988,,,,,,,,,,
000TESTFIUIDDONOTUSEXBXVID491XPO4TC1,20241201,1,1,988,,999,,999,,999,,999,,,5,20241231,999,,999,,,,999,,,,,,999,,999,999,988,,988,,988,,988,988,,988,900,4,988,,2,,,,,988,,988,,2,,,,,988,,988,,2,,,,,988,,988,,971;1,123456789012345678901234567890123456789012345678901234567890123456789012345678901234567890123456789012345678901234567890123456789012345678901234567890123456789012345678901234567890123456789012345678901234567890123456789012345678901234567890123456789012345678901234567890123456789012345678901234567890XXX,,,,988,
000TESTFIUIDDONOTUSEXBXVID492XPO1TC1,20241201,1,1,988,,999,,999,,999,,999,,,5,20241231,999,,999,,,,999,,,,,,999,,999,999,988,,988,,988,,988,988,,988,900,1,988,,1;2,must be blank,,,,988,,,,,,,,,,,,,,,,,,,,,,,,,,,,
000TESTFIUIDDONOTUSEXBXVID492XPO1TC2,20241201,1,1,988,,999,,999,,999,,999,,,5,20241231,999,,999,,,,999,,,,,,999,,999,999,988,,988,,988,,988,988,,988,900,1,988,,971;1,,,,,988,,,,,,,,,,,,,,,,,,,,,,,,,,,,
000TESTFIUIDDONOTUSEXBXVID492XPO2TC1,20241201,1,1,988,,999,,999,,999,,999,,,5,20241231,999,,999,,,,999,,,,,,999,,999,999,988,,988,,988,,988,988,,988,900,2,988,,2,,,,,988,,988,,1;2,must be blank,,,,988,,,,,,,,,,,,,,,,,,,
000TESTFIUIDDONOTUSEXBXVID492XPO2TC2,20241201,1,1,988,,999,,999,,999,,999,,,5,20241231,999,,999,,,,999,,,,,,999,,999,999,988,,988,,988,,988,988,,988,900,2,988,,2,,,,,988,,988,,971;1,,,,,988,,,,,,,,,,,,,,,,,,,
000TESTFIUIDDONOTUSEXBXVID492XPO3TC1,20241201,1,1,988,,999,,999,,999,,999,,,5,20241231,999,,999,,,,999,,,,,,999,,999,999,988,,988,,988,,988,988,,988,900,3,988,,2,,,,,988,,988,,2,,,,,988,,988,,1;2,must be blank,,,,988,,,,,,,,,,
000TESTFIUIDDONOTUSEXBXVID492XPO3TC2,20241201,1,1,988,,999,,999,,999,,999,,,5,20241231,999,,999,,,,999,,,,,,999,,999,999,988,,988,,988,,988,988,,988,900,3,988,,2,,,,,988,,988,,2,,,,,988,,988,,971;1,,,,,988,,,,,,,,,,
000TESTFIUIDDONOTUSEXBXVID492XPO4TC1,20241201,1,1,988,,999,,999,,999,,999,,,5,20241231,999,,999,,,,999,,,,,,999,,999,999,988,,988,,988,,988,988,,988,900,4,988,,2,,,,,988,,988,,2,,,,,988,,988,,2,,,,,988,,988,,1;2,must be blank,,,,988,
000TESTFIUIDDONOTUSEXBXVID492XPO4TC2,20241201,1,1,988,,999,,999,,999,,999,,,5,20241231,999,,999,,,,999,,,,,,999,,999,999,988,,988,,988,,988,988,,988,900,4,988,,2,,,,,988,,988,,2,,,,,988,,988,,2,,,,,988,,988,,971;1,,,,,988,
000TESTFIUIDDONOTUSEXBXVID501XPO1TC1,20241201,1,1,988,,999,,999,,999,,999,,,5,20241231,999,,999,,,,999,,,,,,999,,999,999,988,,988,,988,,988,988,,988,900,1,988,,972;1,,123456789012345678901234567890123456789012345678901234567890123456789012345678901234567890123456789012345678901234567890123456789012345678901234567890123456789012345678901234567890123456789012345678901234567890123456789012345678901234567890123456789012345678901234567890123456789012345678901234567890XXX,,,988,,,,,,,,,,,,,,,,,,,,,,,,,,,,
000TESTFIUIDDONOTUSEXBXVID501XPO2TC1,20241201,1,1,988,,999,,999,,999,,999,,,5,20241231,999,,999,,,,999,,,,,,999,,999,999,988,,988,,988,,988,988,,988,900,2,988,,2,,,,,988,,988,,972;1,,123456789012345678901234567890123456789012345678901234567890123456789012345678901234567890123456789012345678901234567890123456789012345678901234567890123456789012345678901234567890123456789012345678901234567890123456789012345678901234567890123456789012345678901234567890123456789012345678901234567890XXX,,,988,,,,,,,,,,,,,,,,,,,
000TESTFIUIDDONOTUSEXBXVID501XPO3TC1,20241201,1,1,988,,999,,999,,999,,999,,,5,20241231,999,,999,,,,999,,,,,,999,,999,999,988,,988,,988,,988,988,,988,900,3,988,,2,,,,,988,,988,,2,,,,,988,,988,,972;1,,123456789012345678901234567890123456789012345678901234567890123456789012345678901234567890123456789012345678901234567890123456789012345678901234567890123456789012345678901234567890123456789012345678901234567890123456789012345678901234567890123456789012345678901234567890123456789012345678901234567890XXX,,,988,,,,,,,,,,
000TESTFIUIDDONOTUSEXBXVID501XPO4TC1,20241201,1,1,988,,999,,999,,999,,999,,,5,20241231,999,,999,,,,999,,,,,,999,,999,999,988,,988,,988,,988,988,,988,900,4,988,,2,,,,,988,,988,,2,,,,,988,,988,,2,,,,,988,,988,,972;1,,123456789012345678901234567890123456789012345678901234567890123456789012345678901234567890123456789012345678901234567890123456789012345678901234567890123456789012345678901234567890123456789012345678901234567890123456789012345678901234567890123456789012345678901234567890123456789012345678901234567890XXX,,,988,
000TESTFIUIDDONOTUSEXBXVID502XPO1TC1,20241201,1,1,988,,999,,999,,999,,999,,,5,20241231,999,,999,,,,999,,,,,,999,,999,999,988,,988,,988,,988,988,,988,900,1,988,,1;2,,must be blank,,,988,,,,,,,,,,,,,,,,,,,,,,,,,,,,
000TESTFIUIDDONOTUSEXBXVID502XPO1TC2,20241201,1,1,988,,999,,999,,999,,999,,,5,20241231,999,,999,,,,999,,,,,,999,,999,999,988,,988,,988,,988,988,,988,900,1,988,,972;1,,,,,988,,,,,,,,,,,,,,,,,,,,,,,,,,,,
000TESTFIUIDDONOTUSEXBXVID502XPO2TC1,20241201,1,1,988,,999,,999,,999,,999,,,5,20241231,999,,999,,,,999,,,,,,999,,999,999,988,,988,,988,,988,988,,988,900,2,988,,2,,,,,988,,988,,1;2,,must be blank,,,988,,,,,,,,,,,,,,,,,,,
000TESTFIUIDDONOTUSEXBXVID502XPO2TC2,20241201,1,1,988,,999,,999,,999,,999,,,5,20241231,999,,999,,,,999,,,,,,999,,999,999,988,,988,,988,,988,988,,988,900,2,988,,2,,,,,988,,988,,972;1,,,,,988,,,,,,,,,,,,,,,,,,,
000TESTFIUIDDONOTUSEXBXVID502XPO3TC1,20241201,1,1,988,,999,,999,,999,,999,,,5,20241231,999,,999,,,,999,,,,,,999,,999,999,988,,988,,988,,988,988,,988,900,3,988,,2,,,,,988,,988,,2,,,,,988,,988,,1;2,,must be blank,,,988,,,,,,,,,,
000TESTFIUIDDONOTUSEXBXVID502XPO3TC2,20241201,1,1,988,,999,,999,,999,,999,,,5,20241231,999,,999,,,,999,,,,,,999,,999,999,988,,988,,988,,988,988,,988,900,3,988,,2,,,,,988,,988,,2,,,,,988,,988,,972;1,,,,,988,,,,,,,,,,
000TESTFIUIDDONOTUSEXBXVID502XPO4TC1,20241201,1,1,988,,999,,999,,999,,999,,,5,20241231,999,,999,,,,999,,,,,,999,,999,999,988,,988,,988,,988,988,,988,900,4,988,,2,,,,,988,,988,,2,,,,,988,,988,,2,,,,,988,,988,,1;2,,must be blank,,,988,
000TESTFIUIDDONOTUSEXBXVID502XPO4TC2,20241201,1,1,988,,999,,999,,999,,999,,,5,20241231,999,,999,,,,999,,,,,,999,,999,999,988,,988,,988,,988,988,,988,900,4,988,,2,,,,,988,,988,,2,,,,,988,,988,,2,,,,,988,,988,,972;1,,,,,988,
000TESTFIUIDDONOTUSEXBXVID511XPO1TC1,20241201,1,1,988,,999,,999,,999,,999,,,5,20241231,999,,999,,,,999,,,,,,999,,999,999,988,,988,,988,,988,988,,988,900,1,988,,973;1,,,123456789012345678901234567890123456789012345678901234567890123456789012345678901234567890123456789012345678901234567890123456789012345678901234567890123456789012345678901234567890123456789012345678901234567890123456789012345678901234567890123456789012345678901234567890123456789012345678901234567890XXX,,988,,,,,,,,,,,,,,,,,,,,,,,,,,,,
000TESTFIUIDDONOTUSEXBXVID511XPO2TC1,20241201,1,1,988,,999,,999,,999,,999,,,5,20241231,999,,999,,,,999,,,,,,999,,999,999,988,,988,,988,,988,988,,988,900,2,988,,2,,,,,988,,988,,973;1,,,123456789012345678901234567890123456789012345678901234567890123456789012345678901234567890123456789012345678901234567890123456789012345678901234567890123456789012345678901234567890123456789012345678901234567890123456789012345678901234567890123456789012345678901234567890123456789012345678901234567890XXX,,988,,,,,,,,,,,,,,,,,,,
000TESTFIUIDDONOTUSEXBXVID511XPO3TC1,20241201,1,1,988,,999,,999,,999,,999,,,5,20241231,999,,999,,,,999,,,,,,999,,999,999,988,,988,,988,,988,988,,988,900,3,988,,2,,,,,988,,988,,2,,,,,988,,988,,973;1,,,123456789012345678901234567890123456789012345678901234567890123456789012345678901234567890123456789012345678901234567890123456789012345678901234567890123456789012345678901234567890123456789012345678901234567890123456789012345678901234567890123456789012345678901234567890123456789012345678901234567890XXX,,988,,,,,,,,,,
000TESTFIUIDDONOTUSEXBXVID511XPO4TC1,20241201,1,1,988,,999,,999,,999,,999,,,5,20241231,999,,999,,,,999,,,,,,999,,999,999,988,,988,,988,,988,988,,988,900,4,988,,2,,,,,988,,988,,2,,,,,988,,988,,2,,,,,988,,988,,973;1,,,123456789012345678901234567890123456789012345678901234567890123456789012345678901234567890123456789012345678901234567890123456789012345678901234567890123456789012345678901234567890123456789012345678901234567890123456789012345678901234567890123456789012345678901234567890123456789012345678901234567890XXX,,988,
000TESTFIUIDDONOTUSEXBXVID512XPO1TC1,20241201,1,1,988,,999,,999,,999,,999,,,5,20241231,999,,999,,,,999,,,,,,999,,999,999,988,,988,,988,,988,988,,988,900,1,988,,1;2,,,must be blank,,988,,,,,,,,,,,,,,,,,,,,,,,,,,,,
000TESTFIUIDDONOTUSEXBXVID512XPO1TC2,20241201,1,1,988,,999,,999,,999,,999,,,5,20241231,999,,999,,,,999,,,,,,999,,999,999,988,,988,,988,,988,988,,988,900,1,988,,973;1,,,,,988,,,,,,,,,,,,,,,,,,,,,,,,,,,,
000TESTFIUIDDONOTUSEXBXVID512XPO2TC1,20241201,1,1,988,,999,,999,,999,,999,,,5,20241231,999,,999,,,,999,,,,,,999,,999,999,988,,988,,988,,988,988,,988,900,2,988,,2,,,,,988,,988,,1;2,,,must be blank,,988,,,,,,,,,,,,,,,,,,,
000TESTFIUIDDONOTUSEXBXVID512XPO2TC2,20241201,1,1,988,,999,,999,,999,,999,,,5,20241231,999,,999,,,,999,,,,,,999,,999,999,988,,988,,988,,988,988,,988,900,2,988,,2,,,,,988,,988,,973;1,,,,,988,,,,,,,,,,,,,,,,,,,
000TESTFIUIDDONOTUSEXBXVID512XPO3TC1,20241201,1,1,988,,999,,999,,999,,999,,,5,20241231,999,,999,,,,999,,,,,,999,,999,999,988,,988,,988,,988,988,,988,900,3,988,,2,,,,,988,,988,,2,,,,,988,,988,,1;2,,,must be blank,,988,,,,,,,,,,
000TESTFIUIDDONOTUSEXBXVID512XPO3TC2,20241201,1,1,988,,999,,999,,999,,999,,,5,20241231,999,,999,,,,999,,,,,,999,,999,999,988,,988,,988,,988,988,,988,900,3,988,,2,,,,,988,,988,,2,,,,,988,,988,,973;1,,,,,988,,,,,,,,,,
000TESTFIUIDDONOTUSEXBXVID512XPO4TC1,20241201,1,1,988,,999,,999,,999,,999,,,5,20241231,999,,999,,,,999,,,,,,999,,999,999,988,,988,,988,,988,988,,988,900,4,988,,2,,,,,988,,988,,2,,,,,988,,988,,2,,,,,988,,988,,1;2,,,must be blank,,988,
000TESTFIUIDDONOTUSEXBXVID512XPO4TC2,20241201,1,1,988,,999,,999,,999,,999,,,5,20241231,999,,999,,,,999,,,,,,999,,999,999,988,,988,,988,,988,988,,988,900,4,988,,2,,,,,988,,988,,2,,,,,988,,988,,2,,,,,988,,988,,973;1,,,,,988,
000TESTFIUIDDONOTUSEXBXVID521XPO1TC1,20241201,1,1,988,,999,,999,,999,,999,,,5,20241231,999,,999,,,,999,,,,,,999,,999,999,988,,988,,988,,988,988,,988,900,1,988,,974;1,,,,123456789012345678901234567890123456789012345678901234567890123456789012345678901234567890123456789012345678901234567890123456789012345678901234567890123456789012345678901234567890123456789012345678901234567890123456789012345678901234567890123456789012345678901234567890123456789012345678901234567890XXX,988,,,,,,,,,,,,,,,,,,,,,,,,,,,,
000TESTFIUIDDONOTUSEXBXVID521XPO2TC1,20241201,1,1,988,,999,,999,,999,,999,,,5,20241231,999,,999,,,,999,,,,,,999,,999,999,988,,988,,988,,988,988,,988,900,2,988,,2,,,,,988,,988,,974;1,,,,123456789012345678901234567890123456789012345678901234567890123456789012345678901234567890123456789012345678901234567890123456789012345678901234567890123456789012345678901234567890123456789012345678901234567890123456789012345678901234567890123456789012345678901234567890123456789012345678901234567890XXX,988,,,,,,,,,,,,,,,,,,,
000TESTFIUIDDONOTUSEXBXVID521XPO3TC1,20241201,1,1,988,,999,,999,,999,,999,,,5,20241231,999,,999,,,,999,,,,,,999,,999,999,988,,988,,988,,988,988,,988,900,3,988,,2,,,,,988,,988,,2,,,,,988,,988,,974;1,,,,123456789012345678901234567890123456789012345678901234567890123456789012345678901234567890123456789012345678901234567890123456789012345678901234567890123456789012345678901234567890123456789012345678901234567890123456789012345678901234567890123456789012345678901234567890123456789012345678901234567890XXX,988,,,,,,,,,,
000TESTFIUIDDONOTUSEXBXVID521XPO4TC1,20241201,1,1,988,,999,,999,,999,,999,,,5,20241231,999,,999,,,,999,,,,,,999,,999,999,988,,988,,988,,988,988,,988,900,4,988,,2,,,,,988,,988,,2,,,,,988,,988,,2,,,,,988,,988,,974;1,,,,123456789012345678901234567890123456789012345678901234567890123456789012345678901234567890123456789012345678901234567890123456789012345678901234567890123456789012345678901234567890123456789012345678901234567890123456789012345678901234567890123456789012345678901234567890123456789012345678901234567890XXX,988,
000TESTFIUIDDONOTUSEXBXVID522XPO1TC1,20241201,1,1,988,,999,,999,,999,,999,,,5,20241231,999,,999,,,,999,,,,,,999,,999,999,988,,988,,988,,988,988,,988,900,1,988,,1;2,,,,must be blank,988,,,,,,,,,,,,,,,,,,,,,,,,,,,,
000TESTFIUIDDONOTUSEXBXVID522XPO1TC2,20241201,1,1,988,,999,,999,,999,,999,,,5,20241231,999,,999,,,,999,,,,,,999,,999,999,988,,988,,988,,988,988,,988,900,1,988,,974;1,,,,,988,,,,,,,,,,,,,,,,,,,,,,,,,,,,
000TESTFIUIDDONOTUSEXBXVID522XPO2TC1,20241201,1,1,988,,999,,999,,999,,999,,,5,20241231,999,,999,,,,999,,,,,,999,,999,999,988,,988,,988,,988,988,,988,900,2,988,,2,,,,,988,,988,,1;2,,,,must be blank,988,,,,,,,,,,,,,,,,,,,
000TESTFIUIDDONOTUSEXBXVID522XPO2TC2,20241201,1,1,988,,999,,999,,999,,999,,,5,20241231,999,,999,,,,999,,,,,,999,,999,999,988,,988,,988,,988,988,,988,900,2,988,,2,,,,,988,,988,,974;1,,,,,988,,,,,,,,,,,,,,,,,,,
000TESTFIUIDDONOTUSEXBXVID522XPO3TC1,20241201,1,1,988,,999,,999,,999,,999,,,5,20241231,999,,999,,,,999,,,,,,999,,999,999,988,,988,,988,,988,988,,988,900,3,988,,2,,,,,988,,988,,2,,,,,988,,988,,1;2,,,,must be blank,988,,,,,,,,,,
000TESTFIUIDDONOTUSEXBXVID522XPO3TC2,20241201,1,1,988,,999,,999,,999,,999,,,5,20241231,999,,999,,,,999,,,,,,999,,999,999,988,,988,,988,,988,988,,988,900,3,988,,2,,,,,988,,988,,2,,,,,988,,988,,974;1,,,,,988,,,,,,,,,,
000TESTFIUIDDONOTUSEXBXVID522XPO4TC1,20241201,1,1,988,,999,,999,,999,,999,,,5,20241231,999,,999,,,,999,,,,,,999,,999,999,988,,988,,988,,988,988,,988,900,4,988,,2,,,,,988,,988,,2,,,,,988,,988,,2,,,,,988,,988,,1;2,,,,must be blank,988,
000TESTFIUIDDONOTUSEXBXVID522XPO4TC2,20241201,1,1,988,,999,,999,,999,,999,,,5,20241231,999,,999,,,,999,,,,,,999,,999,999,988,,988,,988,,988,988,,988,900,4,988,,2,,,,,988,,988,,2,,,,,988,,988,,2,,,,,988,,988,,974;1,,,,,988,
000TESTFIUIDDONOTUSEXBXVID531XPO1TC1,20241201,1,1,988,,999,,999,,999,,999,,,5,20241231,999,,999,,,,999,,,,,,999,,999,999,988,,988,,988,,988,988,,988,900,1,988,,2,,,,,9001,,,,,,,,,,,,,,,,,,,,,,,,,,,,
000TESTFIUIDDONOTUSEXBXVID531XPO2TC1,20241201,1,1,988,,999,,999,,999,,999,,,5,20241231,999,,999,,,,999,,,,,,999,,999,999,988,,988,,988,,988,988,,988,900,2,988,,2,,,,,988,,988,,2,,,,,9001,,,,,,,,,,,,,,,,,,,
000TESTFIUIDDONOTUSEXBXVID531XPO3TC1,20241201,1,1,988,,999,,999,,999,,999,,,5,20241231,999,,999,,,,999,,,,,,999,,999,999,988,,988,,988,,988,988,,988,900,3,988,,2,,,,,988,,988,,2,,,,,988,,988,,2,,,,,9001,,,,,,,,,,
000TESTFIUIDDONOTUSEXBXVID531XPO4TC1,20241201,1,1,988,,999,,999,,999,,999,,,5,20241231,999,,999,,,,999,,,,,,999,,999,999,988,,988,,988,,988,988,,988,900,4,988,,2,,,,,988,,988,,2,,,,,988,,988,,2,,,,,988,,988,,2,,,,,9001,
000TESTFIUIDDONOTUSEXBXVID541XPO1TC1,20241201,1,1,988,,999,,999,,999,,999,,,5,20241231,999,,999,,,,999,,,,,,999,,999,999,988,,988,,988,,988,988,,988,900,1,988,,2,,,,,1,123456789012345678901234567890123456789012345678901234567890123456789012345678901234567890123456789012345678901234567890123456789012345678901234567890123456789012345678901234567890123456789012345678901234567890123456789012345678901234567890123456789012345678901234567890123456789012345678901234567890XXX,,,,,,,,,,,,,,,,,,,,,,,,,,,
000TESTFIUIDDONOTUSEXBXVID541XPO2TC1,20241201,1,1,988,,999,,999,,999,,999,,,5,20241231,999,,999,,,,999,,,,,,999,,999,999,988,,988,,988,,988,988,,988,900,2,988,,2,,,,,988,,988,,2,,,,,1,123456789012345678901234567890123456789012345678901234567890123456789012345678901234567890123456789012345678901234567890123456789012345678901234567890123456789012345678901234567890123456789012345678901234567890123456789012345678901234567890123456789012345678901234567890123456789012345678901234567890XXX,,,,,,,,,,,,,,,,,,
000TESTFIUIDDONOTUSEXBXVID541XPO3TC1,20241201,1,1,988,,999,,999,,999,,999,,,5,20241231,999,,999,,,,999,,,,,,999,,999,999,988,,988,,988,,988,988,,988,900,3,988,,2,,,,,988,,988,,2,,,,,988,,988,,2,,,,,1,123456789012345678901234567890123456789012345678901234567890123456789012345678901234567890123456789012345678901234567890123456789012345678901234567890123456789012345678901234567890123456789012345678901234567890123456789012345678901234567890123456789012345678901234567890123456789012345678901234567890XXX,,,,,,,,,
000TESTFIUIDDONOTUSEXBXVID541XPO4TC1,20241201,1,1,988,,999,,999,,999,,999,,,5,20241231,999,,999,,,,999,,,,,,999,,999,999,988,,988,,988,,988,988,,988,900,4,988,,2,,,,,988,,988,,2,,,,,988,,988,,2,,,,,988,,988,,2,,,,,1,123456789012345678901234567890123456789012345678901234567890123456789012345678901234567890123456789012345678901234567890123456789012345678901234567890123456789012345678901234567890123456789012345678901234567890123456789012345678901234567890123456789012345678901234567890123456789012345678901234567890XXX
000TESTFIUIDDONOTUSEXBXVID542XPO1TC1,20241201,1,1,988,,999,,999,,999,,999,,,5,20241231,999,,999,,,,999,,,,,,999,,999,999,988,,988,,988,,988,988,,988,900,1,988,,2,,,,,988,must be blank,,,,,,,,,,,,,,,,,,,,,,,,,,,
000TESTFIUIDDONOTUSEXBXVID542XPO1TC2,20241201,1,1,988,,999,,999,,999,,999,,,5,20241231,999,,999,,,,999,,,,,,999,,999,999,988,,988,,988,,988,988,,988,900,1,988,,2,,,,,1,,,,,,,,,,,,,,,,,,,,,,,,,,,,
000TESTFIUIDDONOTUSEXBXVID542XPO2TC1,20241201,1,1,988,,999,,999,,999,,999,,,5,20241231,999,,999,,,,999,,,,,,999,,999,999,988,,988,,988,,988,988,,988,900,2,988,,2,,,,,988,,988,,2,,,,,988,must be blank,,,,,,,,,,,,,,,,,,
000TESTFIUIDDONOTUSEXBXVID542XPO2TC2,20241201,1,1,988,,999,,999,,999,,999,,,5,20241231,999,,999,,,,999,,,,,,999,,999,999,988,,988,,988,,988,988,,988,900,2,988,,2,,,,,988,,988,,2,,,,,1,,,,,,,,,,,,,,,,,,,
000TESTFIUIDDONOTUSEXBXVID542XPO3TC1,20241201,1,1,988,,999,,999,,999,,999,,,5,20241231,999,,999,,,,999,,,,,,999,,999,999,988,,988,,988,,988,988,,988,900,3,988,,2,,,,,988,,988,,2,,,,,988,,988,,2,,,,,988,must be blank,,,,,,,,,
000TESTFIUIDDONOTUSEXBXVID542XPO3TC2,20241201,1,1,988,,999,,999,,999,,999,,,5,20241231,999,,999,,,,999,,,,,,999,,999,999,988,,988,,988,,988,988,,988,900,3,988,,2,,,,,988,,988,,2,,,,,988,,988,,2,,,,,1,,,,,,,,,,
000TESTFIUIDDONOTUSEXBXVID542XPO4TC1,20241201,1,1,988,,999,,999,,999,,999,,,5,20241231,999,,999,,,,999,,,,,,999,,999,999,988,,988,,988,,988,988,,988,900,4,988,,2,,,,,988,,988,,2,,,,,988,,988,,2,,,,,988,,988,,2,,,,,988,must be blank
000TESTFIUIDDONOTUSEXBXVID542XPO4TC2,20241201,1,1,988,,999,,999,,999,,999,,,5,20241231,999,,999,,,,999,,,,,,999,,999,999,988,,988,,988,,988,988,,988,900,4,988,,2,,,,,988,,988,,2,,,,,988,,988,,2,,,,,988,,988,,2,,,,,1,
000TESTFIUIDDONOTUSEXBXVIDPODEMO0XTC1,20241201,1,1,988,,999,,999,,999,,999,,,5,20241231,999,,999,,,,999,,,,,,999,,999,999,988,,988,,988,,988,988,,988,900,0,988,,,,,,,,,,,,,,,,,,,,,,,,,,,,,,,,,,,
000TESTFIUIDDONOTUSEXBXVIDPODEMO0XTC10,20241201,1,1,988,,999,,999,,999,,999,,,5,20241231,999,,999,,,,999,,,,,,999,,999,999,988,,988,,988,,988,988,,988,900,0,,,,,,,,,,,,,,,,,,,,,,,,,,,,988,,,,,,,,
000TESTFIUIDDONOTUSEXBXVIDPODEMO0XTC11,20241201,1,1,988,,999,,999,,999,,999,,,5,20241231,999,,999,,,,999,,,,,,999,,999,999,988,,988,,988,,988,988,,988,900,0,,,,,,,,,,,,,,,,,,,,,,,,,,,,,,2,,,,,,
000TESTFIUIDDONOTUSEXBXVIDPODEMO0XTC12,20241201,1,1,988,,999,,999,,999,,999,,,5,20241231,999,,999,,,,999,,,,,,999,,999,999,988,,988,,988,,988,988,,988,900,0,,,,,,,,,,,,,,,,,,,,,,,,,,,,,,,,,,,988,
000TESTFIUIDDONOTUSEXBXVIDPODEMO0XTC13,20241201,1,1,988,,999,,999,,999,,999,,,5,20241231,999,,999,,,,999,,,,,,999,,999,999,988,,988,,988,,988,988,,988,988,,988,,,,,,,,,,,,,,,,,,,,,,,,,,,,,,,,,,,
000TESTFIUIDDONOTUSEXBXVIDPODEMO0XTC14,20241201,1,1,988,,999,,999,,999,,999,,,5,20241231,999,,999,,,,999,,,,,,999,,999,999,988,,988,,988,,988,988,,988,988,,,,2,,,,,,,,,,,,,,,,,,,,,,,,,,,,,,,,,
000TESTFIUIDDONOTUSEXBXVIDPODEMO0XTC15,20241201,1,1,988,,999,,999,,999,,999,,,5,20241231,999,,999,,,,999,,,,,,999,,999,999,988,,988,,988,,988,988,,988,988,,,,,,,,,988,,,,,,,,,,,,,,,,,,,,,,,,,,,,
000TESTFIUIDDONOTUSEXBXVIDPODEMO0XTC16,20241201,1,1,988,,999,,999,,999,,999,,,5,20241231,999,,999,,,,999,,,,,,999,,999,999,988,,988,,988,,988,988,,988,988,,,,,,,,,,,988,,,,,,,,,,,,,,,,,,,,,,,,,,
000TESTFIUIDDONOTUSEXBXVIDPODEMO0XTC17,20241201,1,1,988,,999,,999,,999,,999,,,5,20241231,999,,999,,,,999,,,,,,999,,999,999,988,,988,,988,,988,988,,988,988,,,,,,,,,,,,,2,,,,,,,,,,,,,,,,,,,,,,,,
000TESTFIUIDDONOTUSEXBXVIDPODEMO0XTC18,20241201,1,1,988,,999,,999,,999,,999,,,5,20241231,999,,999,,,,999,,,,,,999,,999,999,988,,988,,988,,988,988,,988,988,,,,,,,,,,,,,,,,,,988,,,,,,,,,,,,,,,,,,,
000TESTFIUIDDONOTUSEXBXVIDPODEMO0XTC19,20241201,1,1,988,,999,,999,,999,,999,,,5,20241231,999,,999,,,,999,,,,,,999,,999,999,988,,988,,988,,988,988,,988,988,,,,,,,,,,,,,,,,,,,,988,,,,,,,,,,,,,,,,,
000TESTFIUIDDONOTUSEXBXVIDPODEMO0XTC2,20241201,1,1,988,,999,,999,,999,,999,,,5,20241231,999,,999,,,,999,,,,,,999,,999,999,988,,988,,988,,988,988,,988,900,0,,,2,,,,,,,,,,,,,,,,,,,,,,,,,,,,,,,,,
000TESTFIUIDDONOTUSEXBXVIDPODEMO0XTC20,20241201,1,1,988,,999,,999,,999,,999,,,5,20241231,999,,999,,,,999,,,,,,999,,999,999,988,,988,,988,,988,988,,988,988,,,,,,,,,,,,,,,,,,,,,,2,,,,,,,,,,,,,,,
000TESTFIUIDDONOTUSEXBXVIDPODEMO0XTC21,20241201,1,1,988,,999,,999,,999,,999,,,5,20241231,999,,999,,,,999,,,,,,999,,999,999,988,,988,,988,,988,988,,988,988,,,,,,,,,,,,,,,,,,,,,,,,,,,988,,,,,,,,,,
000TESTFIUIDDONOTUSEXBXVIDPODEMO0XTC22,20241201,1,1,988,,999,,999,,999,,999,,,5,20241231,999,,999,,,,999,,,,,,999,,999,999,988,,988,,988,,988,988,,988,988,,,,,,,,,,,,,,,,,,,,,,,,,,,,,988,,,,,,,,
000TESTFIUIDDONOTUSEXBXVIDPODEMO0XTC23,20241201,1,1,988,,999,,999,,999,,999,,,5,20241231,999,,999,,,,999,,,,,,999,,999,999,988,,988,,988,,988,988,,988,988,,,,,,,,,,,,,,,,,,,,,,,,,,,,,,,2,,,,,,
000TESTFIUIDDONOTUSEXBXVIDPODEMO0XTC24,20241201,1,1,988,,999,,999,,999,,999,,,5,20241231,999,,999,,,,999,,,,,,999,,999,999,988,,988,,988,,988,988,,988,988,,,,,,,,,,,,,,,,,,,,,,,,,,,,,,,,,,,,988,
000TESTFIUIDDONOTUSEXBXVIDPODEMO0XTC3,20241201,1,1,988,,999,,999,,999,,999,,,5,20241231,999,,999,,,,999,,,,,,999,,999,999,988,,988,,988,,988,988,,988,900,0,,,,,,,,988,,,,,,,,,,,,,,,,,,,,,,,,,,,,
000TESTFIUIDDONOTUSEXBXVIDPODEMO0XTC4,20241201,1,1,988,,999,,999,,999,,999,,,5,20241231,999,,999,,,,999,,,,,,999,,999,999,988,,988,,988,,988,988,,988,900,0,,,,,,,,,,988,,,,,,,,,,,,,,,,,,,,,,,,,,
000TESTFIUIDDONOTUSEXBXVIDPODEMO0XTC5,20241201,1,1,988,,999,,999,,999,,999,,,5,20241231,999,,999,,,,999,,,,,,999,,999,999,988,,988,,988,,988,988,,988,900,0,,,,,,,,,,,,2,,,,,,,,,,,,,,,,,,,,,,,,
000TESTFIUIDDONOTUSEXBXVIDPODEMO0XTC6,20241201,1,1,988,,999,,999,,999,,999,,,5,20241231,999,,999,,,,999,,,,,,999,,999,999,988,,988,,988,,988,988,,988,900,0,,,,,,,,,,,,,,,,,988,,,,,,,,,,,,,,,,,,,
000TESTFIUIDDONOTUSEXBXVIDPODEMO0XTC7,20241201,1,1,988,,999,,999,,999,,999,,,5,20241231,999,,999,,,,999,,,,,,999,,999,999,988,,988,,988,,988,988,,988,900,0,,,,,,,,,,,,,,,,,,,988,,,,,,,,,,,,,,,,,
000TESTFIUIDDONOTUSEXBXVIDPODEMO0XTC8,20241201,1,1,988,,999,,999,,999,,999,,,5,20241231,999,,999,,,,999,,,,,,999,,999,999,988,,988,,988,,988,988,,988,900,0,,,,,,,,,,,,,,,,,,,,,2,,,,,,,,,,,,,,,
000TESTFIUIDDONOTUSEXBXVIDPODEMO0XTC9,20241201,1,1,988,,999,,999,,999,,999,,,5,20241231,999,,999,,,,999,,,,,,999,,999,999,988,,988,,988,,988,988,,988,900,0,,,,,,,,,,,,,,,,,,,,,,,,,,988,,,,,,,,,,
000TESTFIUIDDONOTUSEXBXVIDPODEMO1XTC1,20241201,1,1,988,,999,,999,,999,,999,,,5,20241231,999,,999,,,,999,,,,,,999,,999,999,988,,988,,988,,988,988,,988,900,1,988,,2,,,,,988,,988,,,,,,,,,,,,,,,,,,,,,,,,,,
000TESTFIUIDDONOTUSEXBXVIDPODEMO1XTC2,20241201,1,1,988,,999,,999,,999,,999,,,5,20241231,999,,999,,,,999,,,,,,999,,999,999,988,,988,,988,,988,988,,988,900,1,988,,2,,,,,988,,,,2,,,,,,,,,,,,,,,,,,,,,,,,
000TESTFIUIDDONOTUSEXBXVIDPODEMO1XTC3,20241201,1,1,988,,999,,999,,999,,999,,,5,20241231,999,,999,,,,999,,,,,,999,,999,999,988,,988,,988,,988,988,,988,900,1,988,,2,,,,,988,,,,,,,,,988,,,,,,,,,,,,,,,,,,,
000TESTFIUIDDONOTUSEXBXVIDPODEMO1XTC4,20241201,1,1,988,,999,,999,,999,,999,,,5,20241231,999,,999,,,,999,,,,,,999,,999,999,988,,988,,988,,988,988,,988,900,1,988,,2,,,,,988,,,,,,,,,,,988,,,,,,,,,,,,,,,,,
000TESTFIUIDDONOTUSEXBXVIDPODEMO1XTC5,20241201,1,1,988,,999,,999,,999,,999,,,5,20241231,999,,999,,,,999,,,,,,999,,999,999,988,,988,,988,,988,988,,988,900,1,988,,2,,,,,988,,,,,,,,,,,,,2,,,,,,,,,,,,,,,
000TESTFIUIDDONOTUSEXBXVIDPODEMO1XTC6,20241201,1,1,988,,999,,999,,999,,999,,,5,20241231,999,,999,,,,999,,,,,,999,,999,999,988,,988,,988,,988,988,,988,900,1,988,,2,,,,,988,,,,,,,,,,,,,,,,,,988,,,,,,,,,,
000TESTFIUIDDONOTUSEXBXVIDPODEMO1XTC7,20241201,1,1,988,,999,,999,,999,,999,,,5,20241231,999,,999,,,,999,,,,,,999,,999,999,988,,988,,988,,988,988,,988,900,1,988,,2,,,,,988,,,,,,,,,,,,,,,,,,,,988,,,,,,,,
000TESTFIUIDDONOTUSEXBXVIDPODEMO1XTC8,20241201,1,1,988,,999,,999,,999,,999,,,5,20241231,999,,999,,,,999,,,,,,999,,999,999,988,,988,,988,,988,988,,988,900,1,988,,2,,,,,988,,,,,,,,,,,,,,,,,,,,,,2,,,,,,
000TESTFIUIDDONOTUSEXBXVIDPODEMO1XTC9,20241201,1,1,988,,999,,999,,999,,999,,,5,20241231,999,,999,,,,999,,,,,,999,,999,999,988,,988,,988,,988,988,,988,900,1,988,,2,,,,,988,,,,,,,,,,,,,,,,,,,,,,,,,,,988,
000TESTFIUIDDONOTUSEXBXVIDPODEMO2XTC1,20241201,1,1,988,,999,,999,,999,,999,,,5,20241231,999,,999,,,,999,,,,,,999,,999,999,988,,988,,988,,988,988,,988,900,2,988,,2,,,,,988,,988,,2,,,,,988,,988,,,,,,,,,,,,,,,,,
000TESTFIUIDDONOTUSEXBXVIDPODEMO2XTC2,20241201,1,1,988,,999,,999,,999,,999,,,5,20241231,999,,999,,,,999,,,,,,999,,999,999,988,,988,,988,,988,988,,988,900,2,988,,2,,,,,988,,988,,2,,,,,988,,,,2,,,,,,,,,,,,,,,
000TESTFIUIDDONOTUSEXBXVIDPODEMO2XTC3,20241201,1,1,988,,999,,999,,999,,999,,,5,20241231,999,,999,,,,999,,,,,,999,,999,999,988,,988,,988,,988,988,,988,900,2,988,,2,,,,,988,,988,,2,,,,,988,,,,,,,,,988,,,,,,,,,,
000TESTFIUIDDONOTUSEXBXVIDPODEMO2XTC4,20241201,1,1,988,,999,,999,,999,,999,,,5,20241231,999,,999,,,,999,,,,,,999,,999,999,988,,988,,988,,988,988,,988,900,2,988,,2,,,,,988,,988,,2,,,,,988,,,,,,,,,,,988,,,,,,,,
000TESTFIUIDDONOTUSEXBXVIDPODEMO2XTC5,20241201,1,1,988,,999,,999,,999,,999,,,5,20241231,999,,999,,,,999,,,,,,999,,999,999,988,,988,,988,,988,988,,988,900,2,988,,2,,,,,988,,988,,2,,,,,988,,,,,,,,,,,,,2,,,,,,
000TESTFIUIDDONOTUSEXBXVIDPODEMO2XTC6,20241201,1,1,988,,999,,999,,999,,999,,,5,20241231,999,,999,,,,999,,,,,,999,,999,999,988,,988,,988,,988,988,,988,900,2,988,,2,,,,,988,,988,,2,,,,,988,,,,,,,,,,,,,,,,,,988,
000TESTFIUIDDONOTUSEXBXVIDPODEMO3XTC1,20241201,1,1,988,,999,,999,,999,,999,,,5,20241231,999,,999,,,,999,,,,,,999,,999,999,988,,988,,988,,988,988,,988,900,3,988,,2,,,,,988,,988,,2,,,,,988,,988,,2,,,,,988,,988,,,,,,,,
000TESTFIUIDDONOTUSEXBXVIDPODEMO3XTC2,20241201,1,1,988,,999,,999,,999,,999,,,5,20241231,999,,999,,,,999,,,,,,999,,999,999,988,,988,,988,,988,988,,988,900,3,988,,2,,,,,988,,988,,2,,,,,988,,988,,2,,,,,988,,,,2,,,,,,
000TESTFIUIDDONOTUSEXBXVIDPODEMO3XTC3,20241201,1,1,988,,999,,999,,999,,999,,,5,20241231,999,,999,,,,999,,,,,,999,,999,999,988,,988,,988,,988,988,,988,900,3,988,,2,,,,,988,,988,,2,,,,,988,,988,,2,,,,,988,,,,,,,,,988,
000TESTFIUIDDONOTUSEXBXVIDPODEMO4XTC1,20241201,1,1,988,,999,,999,,999,,999,,,5,20241231,999,,999,,,,999,,,,,,999,,999,999,988,,988,,988,,988,988,,988,900,4,,,2,,,,,988,,988,,2,,,,,988,,988,,2,,,,,988,,988,,2,,,,,988,
000TESTFIUIDDONOTUSEXBXVIDPODEMO4XTC10,20241201,1,1,988,,999,,999,,999,,999,,,5,20241231,999,,999,,,,999,,,,,,999,,999,999,988,,988,,988,,988,988,,988,900,4,988,,2,,,,,988,,988,,2,,,,,988,,988,,2,,,,,988,,,,2,,,,,988,
000TESTFIUIDDONOTUSEXBXVIDPODEMO4XTC11,20241201,1,1,988,,999,,999,,999,,999,,,5,20241231,999,,999,,,,999,,,,,,999,,999,999,988,,988,,988,,988,988,,988,900,4,988,,2,,,,,988,,988,,2,,,,,988,,988,,2,,,,,988,,988,,,,,,,988,
000TESTFIUIDDONOTUSEXBXVIDPODEMO4XTC12,20241201,1,1,988,,999,,999,,999,,999,,,5,20241231,999,,999,,,,999,,,,,,999,,999,999,988,,988,,988,,988,988,,988,900,4,988,,2,,,,,988,,988,,2,,,,,988,,988,,2,,,,,988,,988,,2,,,,,,
000TESTFIUIDDONOTUSEXBXVIDPODEMO4XTC2,20241201,1,1,988,,999,,999,,999,,999,,,5,20241231,999,,999,,,,999,,,,,,999,,999,999,988,,988,,988,,988,988,,988,900,4,988,,,,,,,988,,988,,2,,,,,988,,988,,2,,,,,988,,988,,2,,,,,988,
000TESTFIUIDDONOTUSEXBXVIDPODEMO4XTC3,20241201,1,1,988,,999,,999,,999,,999,,,5,20241231,999,,999,,,,999,,,,,,999,,999,999,988,,988,,988,,988,988,,988,900,4,988,,2,,,,,,,988,,2,,,,,988,,988,,2,,,,,988,,988,,2,,,,,988,
000TESTFIUIDDONOTUSEXBXVIDPODEMO4XTC4,20241201,1,1,988,,999,,999,,999,,999,,,5,20241231,999,,999,,,,999,,,,,,999,,999,999,988,,988,,988,,988,988,,988,900,4,988,,2,,,,,988,,,,2,,,,,988,,988,,2,,,,,988,,988,,2,,,,,988,
000TESTFIUIDDONOTUSEXBXVIDPODEMO4XTC5,20241201,1,1,988,,999,,999,,999,,999,,,5,20241231,999,,999,,,,999,,,,,,999,,999,999,988,,988,,988,,988,988,,988,900,4,988,,2,,,,,988,,988,,,,,,,988,,988,,2,,,,,988,,988,,2,,,,,988,
000TESTFIUIDDONOTUSEXBXVIDPODEMO4XTC6,20241201,1,1,988,,999,,999,,999,,999,,,5,20241231,999,,999,,,,999,,,,,,999,,999,999,988,,988,,988,,988,988,,988,900,4,988,,2,,,,,988,,988,,2,,,,,,,988,,2,,,,,988,,988,,2,,,,,988,
000TESTFIUIDDONOTUSEXBXVIDPODEMO4XTC7,20241201,1,1,988,,999,,999,,999,,999,,,5,20241231,999,,999,,,,999,,,,,,999,,999,999,988,,988,,988,,988,988,,988,900,4,988,,2,,,,,988,,988,,2,,,,,988,,,,2,,,,,988,,988,,2,,,,,988,
000TESTFIUIDDONOTUSEXBXVIDPODEMO4XTC8,20241201,1,1,988,,999,,999,,999,,999,,,5,20241231,999,,999,,,,999,,,,,,999,,999,999,988,,988,,988,,988,988,,988,900,4,988,,2,,,,,988,,988,,2,,,,,988,,988,,,,,,,988,,988,,2,,,,,988,
000TESTFIUIDDONOTUSEXBXVIDPODEMO4XTC9,20241201,1,1,988,,999,,999,,999,,999,,,5,20241231,999,,999,,,,999,,,,,,999,,999,999,988,,988,,988,,988,988,,988,900,4,988,,2,,,,,988,,988,,2,,,,,988,,988,,2,,,,,,,988,,2,,,,,988,